y_true,y_pred,score_Normal,score_DDoS_UDP,score_DDoS_ICMP,score_SQL_Injection,score_DDoS_TCP,score_DDoS_HTTP,score_Password,score_Vulnerability_Scanner,score_Port_Scanning,score_XSS,score_Uploading,score_Backdoor,score_OS_Fingerprinting,score_Ransomware,score_MITM
0,0,1.0353,0.0025,-0.0115,0.009,-0.0269,-0.0351,0.0357,-0.0214,-0.0207,-0.0051,0.004,0.0161,-0.001,0.0205,-0.0017
0,0,1.0473,-0.0029,-0.0014,-0.0224,-0.0171,-0.0408,-0.0169,0.0343,0.0118,0.0241,-0.0152,-0.0139,0.0104,-0.002,0.0047
8,8,-0.0107,0.0339,0.0442,-0.1037,-0.0657,-0.0234,-0.0931,0.0643,1.1331,-0.1192,0.0114,0.042,0.0222,0.0677,-0.002
0,0,0.8595,-0.0592,0.1335,0.0547,0.0535,-0.035,0.0766,-0.0408,0.0438,-0.022,0.013,-0.0281,-0.0563,0.0166,-0.0096
0,0,0.985,0.0078,0.0002,0.01,0.0215,-0.0421,0.0237,-0.0012,-0.0093,-0.0076,-0.0028,-0.0028,0.0073,0.0022,0.008
11,11,0.0169,-0.0862,0.0863,0.1767,0.0685,-0.1461,0.0369,0.1003,-0.082,-0.011,0.1017,0.4984,0.3862,-0.106,-0.0405
0,0,0.9491,0.008,0.0457,-0.0315,-0.0213,0.0053,0.0467,0.0219,0.0249,-0.011,-0.0148,-0.0091,-0.0058,-0.0149,0.0056
5,0,0.5123,-0.005,-0.0229,-0.0101,0.0266,0.4023,-0.0684,-0.0138,0.0077,0.0233,0.0623,-0.0408,0.0747,0.0134,0.0392
0,0,1.0509,0.0069,-0.0035,-0.0008,-0.0128,-0.056,-0.0039,0.0118,-0.0061,0.006,0.0062,-0.0011,-0.0023,0.0115,-0.0069
7,7,-0.0374,0.0012,0.1153,0.1605,0.0041,-0.0527,-0.1218,0.8394,0.0567,-0.0409,0.0267,-0.0268,0.0159,0.0214,0.0391
5,5,0.5296,0.0037,-0.0262,-0.0208,-0.0029,0.5339,0.0155,-0.0131,-0.0251,-0.0586,0.0145,-0.0029,0.0115,0.0518,-0.0102
0,0,1.0025,0.0226,0.0103,-0.0032,0.0173,-0.0063,-0.0082,-0.0187,-0.0045,-0.0085,0.0062,-0.0086,-0.0192,0.0147,0.0034
0,0,0.9708,0.0297,-0.0158,-0.0369,-0.0468,0.006,0.028,0.0974,-0.0298,-0.019,0.0215,0.0218,-0.0197,-0.0026,-0.0048
0,0,0.94,-0.0074,0.0157,0.0122,0.0358,0.0184,0.0271,-0.0138,-0.0175,0.0017,-0.0149,0.0023,-0.0294,0.0059,0.024
0,0,1.0201,-0.0052,-0.0108,0.0014,0.0038,-0.0306,0.012,0.0073,0.0022,-0.0178,-0.0153,0.0077,0.0118,0.0117,0.0017
11,11,-0.032,-0.0341,-0.0146,0.0063,0.1485,0.1543,-0.0812,-0.0431,0.0476,0.045,-0.0164,0.9291,-0.1163,-0.0056,0.0129
0,0,0.7373,-0.0268,-0.0093,0.1467,-0.101,0.2166,0.0961,0.0534,0.0265,-0.0381,-0.1299,-0.0026,0.0058,0.0337,-0.0097
2,2,-0.1457,-0.0179,0.767,0.069,0.0359,0.0168,0.1219,0.0448,0.0858,0.0559,0.0176,0.0276,0.0477,-0.0995,-0.027
4,4,-0.0856,0.132,0.0885,-0.0314,0.838,-0.0595,-0.0094,0.0439,0.0132,0.0487,0.0274,0.0644,-0.0818,-0.003,0.0147
0,0,1.0707,-0.0031,0.0114,-0.0158,-0.0316,-0.0254,0.0011,0.0189,-0.0018,-0.0073,0.0177,0.0061,-0.0099,-0.0255,-0.0057
0,0,0.9361,0.0391,0.0041,0.0008,-0.038,0.0458,0.0075,-0.0187,0.0044,0.0236,0.0082,0.0066,-0.008,0.002,-0.0133
0,0,0.9445,0.0048,-0.004,0.0032,0.0424,0.0463,-0.0162,0.0044,0.0025,-0.011,-0.0093,-0.0115,-0.0089,0.0088,0.004
0,0,0.8727,0.0307,0.0141,-0.0241,0.0738,0.0065,0.0264,-0.0374,-0.0085,0.0363,0.0183,-0.0054,0.0204,-0.0047,-0.019
0,0,1.0018,0.0175,0.0041,0.0135,-0.011,-0.0411,-0.0176,0.0151,0.0117,0.0156,0.0041,-0.0061,0.0289,-0.0304,-0.0058
0,0,0.9967,0.0045,-0.0048,-0.001,0.024,-0.0279,-0.0081,-0.0033,0.0124,0.0126,-0.0013,-0.0068,-0.0028,-0.0008,0.0072
0,0,1.021,0.0201,0.0159,-0.0014,-0.0237,-0.0829,-0.0006,0.0098,0.0205,-0.0145,0.0254,0.0009,0.0084,-0.0024,0.0033
0,0,0.9843,0.009,0.0082,0.0199,0.0,0.038,0.0273,0.0358,-0.0241,-0.0584,0.0028,0.0033,-0.0276,-0.0168,-0.0013
1,1,-0.0444,0.9539,0.0164,0.0027,0.1018,0.0195,0.006,-0.0424,-0.0135,-0.014,0.0192,0.0272,-0.0083,-0.0308,0.0073
0,0,0.9541,0.0389,-0.0172,0.1053,-0.0115,-0.0084,0.047,-0.0243,-0.0227,-0.0324,-0.0092,0.0235,-0.0373,0.0193,-0.0249
5,5,0.2773,-0.0482,-0.011,-0.0301,0.0023,0.6726,-0.0044,0.0316,0.0374,-0.0416,0.0963,0.0027,0.0354,-0.0227,0.0026
0,0,1.0059,0.0114,-0.0043,0.0001,0.0041,-0.0043,0.0087,-0.0083,-0.0001,0.0044,-0.0144,0.0105,-0.0191,0.0066,-0.0009
0,0,1.0072,-0.0208,0.0154,0.0017,0.0096,-0.0162,-0.0043,0.0101,-0.0109,0.0108,-0.0067,-0.0001,0.0036,0.0006,0.0005
0,0,0.9752,0.0261,0.0036,-0.0068,-0.0279,0.0496,-0.012,-0.002,0.0092,0.0144,-0.0095,-0.0059,0.0001,-0.0027,-0.0114
4,7,0.2924,0.0936,0.0568,-0.11,0.3116,-0.0583,-0.0197,0.4148,-0.0538,0.0122,0.0459,-0.0611,0.0606,0.0303,-0.0141
0,0,0.9109,0.0117,-0.0381,0.015,0.0168,0.0108,-0.0183,0.0274,0.0309,0.0034,0.0142,-0.0062,0.0018,0.0043,0.0154
0,0,1.0781,-0.0063,0.0016,-0.0014,0.0034,-0.0854,0.011,-0.0107,0.002,0.0014,0.002,0.0125,0.0061,-0.0114,-0.0026
0,0,1.0066,-0.0472,0.0005,-0.0165,0.0264,0.0024,0.0166,-0.037,-0.0032,0.0058,0.0113,0.0022,-0.004,0.0238,0.0126
2,2,0.0427,0.0452,0.8628,0.1431,-0.0948,-0.0455,0.0194,-0.011,-0.053,0.0237,-0.0596,0.0505,0.0081,-0.0037,0.0719
1,1,0.208,0.7486,0.0156,-0.072,-0.0365,-0.1143,0.02,-0.0166,0.0238,0.1866,0.0029,-0.0062,0.0226,0.0087,0.0079
0,0,1.0394,0.0096,-0.0186,0.0067,-0.007,-0.02,0.0116,0.022,-0.0189,-0.0085,-0.0012,0.0195,-0.0363,0.0095,-0.0074
1,1,-0.0898,1.0907,0.0168,-0.046,0.017,0.0075,-0.0711,0.0146,-0.0126,0.084,0.0086,0.0037,0.0115,-0.0329,-0.0026
0,0,0.9896,0.0567,-0.0471,0.0294,-0.0155,0.0307,-0.0309,-0.0195,0.0113,0.0023,-0.0187,0.0007,-0.0153,0.0262,0.0002
0,0,0.9846,0.0047,-0.008,-0.0397,-0.0263,0.016,0.0171,0.0258,-0.0277,0.0342,0.0153,-0.0074,0.0042,0.008,-0.0007
8,8,-0.0101,-0.0179,-0.0347,-0.0194,0.0006,-0.0657,-0.0487,0.3888,0.8392,0.0758,-0.0558,-0.0177,0.0169,-0.0284,-0.023
2,2,-0.0189,0.0636,0.9464,0.1547,-0.0942,0.0474,0.0566,-0.0407,0.0112,-0.0374,-0.0327,-0.0154,0.0422,-0.0939,0.0102
5,5,-0.1837,0.0704,-0.0191,0.0041,-0.0534,0.9624,0.1778,0.0069,0.0125,0.0106,-0.1432,0.066,-0.0912,0.1837,-0.0044
2,2,-0.0245,-0.0087,1.097,0.0407,-0.0247,-0.006,-0.021,0.032,-0.0557,-0.0271,-0.0125,0.0235,0.0027,-0.0248,0.0084
0,0,1.0757,-0.0132,0.008,0.0123,0.0064,-0.0681,-0.0039,0.0065,-0.0094,-0.0162,-0.0112,0.0085,-0.0214,0.013,0.0129
0,0,0.8723,0.0652,0.0596,-0.0265,0.0472,0.1029,-0.017,-0.0343,-0.0202,-0.0346,0.0136,0.0213,-0.0254,-0.0074,-0.017
0,0,0.9966,0.0123,-0.0022,-0.0126,0.0277,-0.013,-0.0083,0.0219,-0.0138,-0.0028,-0.0002,-0.0022,-0.0199,0.017,-0.0004
1,1,-0.0113,0.8211,-0.0082,0.0224,0.0449,-0.0244,0.023,0.0644,-0.0526,0.0839,0.0538,-0.0043,-0.0045,-0.0002,-0.0077
0,0,0.8481,0.0001,-0.0005,-0.0219,0.0151,0.1893,-0.0004,-0.054,-0.0296,-0.0067,-0.0069,0.006,-0.0435,0.0196,0.0848
0,0,0.9196,-0.0072,0.0013,0.0017,-0.0135,0.0613,0.022,0.0184,0.0083,0.0033,0.013,-0.0058,0.0029,-0.0049,-0.0205
0,0,1.0394,-0.0034,0.0034,-0.0121,-0.0117,0.0069,-0.0304,0.0289,0.0132,0.0172,-0.0114,-0.019,-0.018,0.0024,-0.0061
0,0,0.989,0.0148,-0.0127,-0.0002,0.0574,-0.0185,-0.0327,-0.0308,-0.0267,0.0463,-0.0082,-0.004,-0.0081,0.0236,0.011
0,0,1.0088,0.028,-0.0078,-0.0071,-0.0196,-0.0065,-0.0045,0.0335,0.0039,-0.0138,-0.0103,0.0179,-0.0302,-0.0044,0.0119
0,0,0.9803,0.0141,0.0021,0.0012,0.0177,-0.0235,-0.0041,0.0084,0.0075,-0.01,0.0018,0.0095,-0.0078,0.0036,-0.0008
0,0,0.8267,0.0538,0.0265,-0.0366,0.0382,0.0677,-0.0614,0.0646,-0.0023,-0.0463,-0.0215,0.0055,0.0379,0.0358,0.0119
2,2,0.177,-0.0111,1.01,0.0131,0.0083,-0.0148,-0.0683,-0.0798,-0.0307,0.0735,-0.0954,0.0091,0.0235,-0.0104,-0.0046
0,0,0.9291,0.0077,-0.0188,0.0088,0.036,-0.0249,-0.0101,0.0134,0.0283,-0.0175,0.0081,-0.0061,0.0446,0.0029,-0.0017
0,0,1.0014,-0.0346,0.009,-0.0015,-0.0099,0.0461,0.0269,-0.0029,0.014,-0.0104,0.021,0.004,-0.0367,-0.0192,-0.0076
0,0,0.9993,-0.0118,0.0094,0.0021,-0.0008,0.0229,0.0101,-0.0193,0.0058,-0.0116,-0.0128,-0.0043,0.0266,-0.0063,-0.0097
0,0,0.999,-0.0244,0.005,0.0073,0.0076,-0.0439,0.0301,0.0284,-0.0099,0.0083,0.0747,-0.0448,0.0081,-0.0367,-0.0096
1,1,-0.0322,1.0065,0.01,0.0011,0.03,-0.0059,0.0091,-0.0621,0.0484,0.0527,-0.0121,0.0264,-0.0036,-0.0545,-0.0134
0,0,0.8107,0.0186,-0.0059,0.0127,0.0752,0.1009,-0.028,-0.0089,-0.0197,0.0207,0.0975,-0.028,-0.017,-0.0366,0.0082
0,0,1.0095,0.0109,0.0165,-0.0034,-0.0117,-0.0357,-0.0115,0.0108,-0.0175,0.0061,0.0011,0.0097,0.0145,0.0009,0.0001
3,3,-0.0169,0.0017,0.1736,0.89,0.0314,0.138,-0.0396,-0.0481,-0.069,-0.0061,-0.0047,0.0049,-0.0231,-0.0018,-0.0307
0,0,1.0672,-0.0148,0.0104,0.0096,-0.0329,-0.0113,-0.0084,-0.022,0.0056,-0.0086,-0.002,-0.0004,0.0106,0.0047,-0.0079
0,0,0.7517,-0.058,0.0378,-0.0157,0.0921,0.0405,-0.0235,0.0129,0.0263,0.0751,0.0291,0.0075,-0.0236,0.0027,0.0462
0,0,0.6608,0.0608,0.051,0.1908,-0.0391,0.1478,0.0325,-0.0386,-0.0427,0.0195,-0.0276,-0.0127,-0.0037,-0.0289,0.0303
2,2,0.017,0.0045,0.9652,-0.0469,-0.0501,-0.0038,-0.005,0.0159,0.1321,0.0184,-0.0328,0.0375,0.008,-0.0646,0.0046
3,3,0.098,-0.0444,0.019,0.5694,0.0098,0.0976,0.0143,0.2413,0.0322,0.0372,0.0116,0.0088,-0.0787,0.0273,-0.0431
0,0,1.053,-0.0329,-0.0023,-0.0649,-0.0066,-0.0499,0.012,0.0777,-0.0027,0.0073,0.0096,0.0112,-0.0194,0.0009,0.0074
0,0,1.0283,-0.0015,0.0115,0.0239,-0.0352,0.0009,0.004,-0.0496,0.0023,-0.0172,-0.009,0.0099,0.0225,0.0032,0.0059
6,6,0.1733,-0.009,0.0051,0.0055,0.0121,-0.0943,0.7267,-0.0567,0.002,0.0369,0.1868,0.0725,-0.0318,-0.0506,0.0218
0,0,0.9862,0.0026,0.0133,0.0212,-0.036,0.0232,-0.0131,0.0122,0.0023,-0.0053,-0.0202,0.0311,-0.0214,0.0077,-0.0041
0,0,1.0288,-0.0137,-0.0069,0.0169,0.0227,-0.0253,0.0067,0.0177,0.0017,-0.0409,-0.0113,0.0185,-0.0142,0.0158,-0.0163
0,0,1.0319,0.0158,-0.0145,0.0093,0.018,-0.0268,0.0219,-0.047,0.002,-0.0021,-0.0207,0.0059,-0.0145,0.0307,-0.0101
3,3,-0.0233,-0.0177,-0.1022,1.0006,0.0819,-0.0823,-0.0262,-0.0187,0.1301,0.0007,0.0417,-0.0179,0.024,0.0143,-0.0053
0,0,1.0334,-0.0158,-0.019,0.0032,-0.0017,-0.0161,0.001,-0.0152,0.0215,0.0262,-0.0087,0.021,-0.0309,0.0028,-0.0017
0,0,0.9714,-0.0181,-0.0144,-0.0002,0.0253,-0.034,0.0022,0.026,-0.0222,0.0149,0.0144,-0.0099,0.0217,0.0011,0.0215
0,0,1.002,0.0157,0.0054,0.0066,0.0283,-0.0035,-0.0161,-0.0266,-0.0208,-0.0025,0.0071,-0.0072,0.0155,-0.0128,0.0093
0,0,0.9139,-0.0479,0.0117,0.0089,0.1992,0.0014,-0.0131,0.0036,-0.0229,0.027,-0.0498,-0.0002,-0.0162,-0.004,-0.0116
0,0,1.046,-0.0276,0.0208,0.0088,-0.0122,0.0207,-0.0021,-0.0316,0.0232,0.0018,-0.0247,0.007,-0.0158,-0.0159,0.0016
10,10,0.3827,-0.0276,0.0491,-0.0022,-0.1037,0.0578,-0.0057,0.0391,-0.0005,-0.0541,0.6468,0.015,-0.0142,0.0453,-0.0264
0,0,1.0512,-0.0083,-0.004,-0.0189,-0.0406,-0.0448,0.0276,0.0164,-0.0053,-0.0005,0.0296,-0.0148,0.0062,-0.0046,0.0105
0,0,1.0241,-0.0645,-0.0126,0.0125,0.0182,-0.0218,0.0576,0.0066,-0.0223,0.028,-0.0338,0.0016,0.038,-0.0196,-0.0115
0,0,1.025,-0.0275,0.0121,0.0062,-0.0071,0.0041,0.0186,0.0091,-0.0131,0.0149,-0.0144,-0.0036,-0.0148,-0.0135,0.0043
0,0,1.0146,-0.0035,-0.0222,-0.0066,-0.0156,0.0089,0.0085,-0.001,-0.0043,-0.0015,0.0136,-0.0065,0.0012,0.0052,0.009
0,0,1.0426,0.0209,0.0249,0.0088,0.0036,-0.0389,0.007,-0.0053,-0.0053,-0.0118,-0.0394,0.0088,-0.0007,-0.0146,-0.0007
0,0,0.9958,0.0272,-0.0043,0.005,0.0141,-0.0136,-0.0051,-0.0084,0.0078,-0.0081,-0.0026,-0.0082,0.0025,0.0024,-0.0046
11,11,-0.035,-0.044,0.055,0.0095,0.1313,-0.0214,-0.0453,-0.0333,0.1419,-0.0334,0.0356,0.9681,-0.0848,-0.088,0.0433
4,4,0.1238,0.3023,-0.042,0.0467,0.5715,-0.0118,-0.1075,0.0583,0.1072,0.0014,-0.0059,-0.025,-0.0156,-0.0076,0.0039
0,0,1.033,0.0214,0.0205,-0.0299,0.009,-0.0106,-0.0143,-0.0202,0.0065,0.0162,-0.0099,-0.0151,-0.015,0.0067,0.0015
0,0,1.0566,-0.0341,0.0184,0.0109,0.0104,-0.0254,0.0092,0.0046,-0.0131,-0.0054,0.0007,0.0021,-0.0249,-0.0035,-0.0063
0,0,0.9382,0.0141,-0.0287,-0.0134,0.0825,-0.0295,0.02,0.0574,-0.0194,-0.0254,0.0135,-0.0305,0.0252,-0.0013,-0.0028
0,0,1.0236,0.0009,0.0371,-0.0163,-0.0273,-0.0349,0.0162,-0.0019,-0.0147,0.0135,0.0074,0.0095,0.0094,-0.021,-0.0014
0,0,1.0285,-0.0226,0.0099,-0.0041,0.0136,-0.0015,-0.0057,0.0026,-0.0112,0.0103,0.0045,-0.0077,-0.0098,-0.0073,0.0003
3,3,0.1764,0.014,0.1998,0.3802,-0.0201,0.0306,-0.0424,0.0124,0.2459,-0.0905,-0.0683,0.1277,-0.0345,0.0988,-0.03
0,0,0.952,-0.027,-0.0021,0.0442,0.022,0.0796,-0.0163,-0.0266,-0.0327,0.0111,0.0024,-0.0106,-0.0335,0.033,0.0044
0,0,1.0633,-0.007,-0.001,0.026,-0.0273,-0.0724,0.0254,0.0057,0.0059,-0.0275,0.0131,-0.0118,0.0298,-0.0133,-0.0087
0,0,0.9571,-0.0153,-0.0008,0.0078,0.0318,0.0249,0.0046,0.0164,-0.0235,0.0048,-0.0186,-0.0095,0.0245,0.0009,-0.0048
3,3,0.1269,0.0508,-0.0454,0.6407,-0.0425,-0.082,-0.0044,0.278,0.0816,-0.0094,0.0226,-0.035,0.0545,-0.0109,-0.0256
6,6,-0.0313,0.0557,-0.0402,-0.0113,0.0972,-0.1343,0.9612,0.0527,0.0224,0.0146,0.1031,-0.0911,0.0089,0.001,-0.0091
11,11,-0.0696,0.0513,0.0251,-0.136,-0.0166,0.0522,0.0288,0.0626,-0.001,-0.0526,-0.0848,1.1891,0.068,-0.1276,0.0108
3,3,-0.0498,0.0289,0.005,1.1877,-0.0568,0.0364,-0.0271,-0.0231,-0.0408,0.0046,0.0057,-0.0101,-0.0218,-0.015,-0.0242
2,2,-0.0479,0.1024,0.7244,0.0637,-0.0345,-0.0144,-0.0277,0.1077,0.1509,-0.0373,0.0275,0.0512,0.01,-0.0614,-0.0148
0,0,1.0314,-0.0212,0.0038,-0.0033,-0.0075,0.0345,-0.0013,0.0029,0.0038,0.0121,-0.0216,0.003,-0.0177,-0.0203,0.0013
0,0,1.0555,-0.0034,-0.0004,-0.0255,-0.0211,-0.0401,-0.011,0.01,0.0161,0.0269,-0.0005,-0.0078,0.0044,-0.0048,0.0017
0,0,1.0237,0.0147,-0.0028,-0.0322,-0.0385,-0.0158,0.0161,0.0178,-0.0088,0.0288,-0.0045,0.0092,-0.0183,-0.0071,0.0172
0,0,0.9954,0.0368,-0.0118,0.002,0.0109,-0.0306,-0.0101,-0.0063,0.0239,-0.0114,0.0001,-0.0096,0.0173,0.0022,-0.0088
0,0,1.0092,-0.0085,0.0123,-0.0196,0.0267,0.0444,-0.0066,-0.0019,-0.0273,0.0223,-0.0258,0.0037,-0.043,0.0215,-0.0073
0,0,0.9937,0.0332,0.0275,-0.0546,0.0341,-0.0581,0.004,0.0482,-0.0379,-0.0042,0.0266,-0.0263,0.0067,-0.0037,0.0103
9,9,0.0738,0.012,0.0806,-0.0224,0.0661,0.0103,-0.0951,0.0657,0.031,0.7433,-0.04,0.0675,0.0182,-0.0443,0.0331
0,0,1.0697,-0.041,-0.009,-0.0121,-0.016,-0.0424,0.0208,0.0071,0.0086,-0.0073,0.0156,-0.0096,0.0174,-0.008,0.0063
0,0,0.9102,-0.0178,-0.0241,0.0107,0.0063,0.1388,-0.0068,-0.0102,-0.0058,0.0174,-0.0133,0.0055,-0.0181,0.0137,-0.0062
0,0,1.0389,-0.0004,0.0061,-0.0063,-0.0057,-0.022,0.0008,0.0096,-0.0206,-0.0034,-0.0243,0.0019,0.0104,0.0121,0.0027
0,0,0.9887,-0.0644,-0.0056,-0.0103,-0.0289,-0.0186,0.0026,0.0979,0.0393,0.0523,0.0092,-0.0649,0.019,-0.0317,0.0152
0,0,1.011,-0.0071,0.0079,-0.0135,0.0512,-0.0303,-0.0003,0.0119,-0.0329,-0.0338,0.0077,-0.0134,0.0447,-0.0065,0.0036
0,0,1.0622,-0.0144,0.0072,-0.0125,0.0022,-0.0592,-0.0068,0.0116,-0.0096,0.0039,0.0043,-0.001,0.0143,-0.0069,0.0047
0,0,0.8292,-0.0637,-0.0595,-0.0087,0.0275,0.049,0.0277,0.0074,-0.0048,-0.0402,0.0181,-0.0343,0.1416,0.0713,0.0385
13,13,-0.1089,0.0458,-0.0266,-0.0858,-0.0382,0.0917,0.2532,-0.0015,-0.007,0.0297,-0.0905,-0.0292,0.0628,0.8907,0.0136
0,0,1.005,-0.0038,0.0001,0.0089,-0.012,0.0384,0.004,-0.0099,0.0011,0.0015,-0.0377,0.0165,-0.026,0.008,0.006
0,0,1.0713,-0.0227,0.0161,-0.0293,-0.0124,-0.0229,0.0004,0.0098,-0.0142,0.0103,-0.0044,-0.0112,-0.0041,-0.0039,0.0176
0,0,1.012,-0.0057,0.0061,0.0083,-0.0037,-0.0296,0.0044,-0.0085,-0.0088,0.0,0.0182,-0.0031,0.0115,0.0001,-0.0012
7,7,0.0035,0.0044,-0.028,-0.0378,0.0325,0.0033,0.1627,0.8691,-0.0471,0.0213,-0.0225,-0.0245,0.0437,0.0135,0.0059
0,0,0.9895,0.0251,0.0013,0.0199,0.0071,0.0278,-0.0075,-0.0047,-0.0058,-0.0151,-0.0124,0.0059,-0.0092,-0.0226,0.0006
0,0,0.9603,0.0047,-0.0163,0.0279,0.0456,0.0483,0.0117,-0.0185,0.0219,-0.0214,0.0048,0.0142,-0.0405,-0.0265,-0.0166
0,0,1.0543,0.0102,-0.0218,-0.0042,-0.013,-0.0422,-0.005,-0.0236,0.0132,0.0057,0.0127,-0.0034,0.0211,-0.0281,0.0246
0,0,0.9932,0.0142,0.007,0.0282,-0.0197,0.0053,-0.0002,-0.0172,-0.047,-0.0058,0.0277,-0.0073,0.0035,0.0171,0.0006
0,0,0.908,0.0105,-0.0011,0.0031,0.016,0.0484,-0.0013,0.0091,0.0016,-0.0072,-0.014,-0.0103,0.0346,0.0007,0.0017
0,0,0.9897,-0.0027,0.0013,0.0033,-0.007,0.0024,0.0007,-0.0007,-0.0136,-0.0131,0.0068,0.009,0.0097,0.0234,-0.0088
0,0,0.9537,-0.0259,0.0313,0.0185,0.0369,0.0262,-0.0626,0.0108,-0.0178,0.1233,-0.0423,-0.0001,-0.025,0.0016,-0.0282
0,0,0.8666,0.1827,-0.0133,-0.0082,0.0273,-0.0088,-0.0199,-0.0224,-0.0049,0.0104,-0.0326,0.0118,-0.0109,0.0308,-0.0088
10,10,-0.1179,-0.0033,0.2205,0.1116,-0.0027,0.1081,-0.0444,-0.0037,-0.0125,-0.0127,0.6862,-0.0031,-0.0574,0.1668,-0.0345
0,0,0.9817,0.0094,-0.0191,0.0051,-0.006,0.0075,-0.009,0.0041,0.0155,-0.0022,-0.0036,0.022,-0.0228,0.0172,0.0001
5,5,0.3969,-0.036,0.0035,-0.0561,-0.0651,0.652,0.0114,-0.0027,0.0662,-0.0331,-0.0094,0.008,-0.0192,0.0354,0.048
0,0,1.0373,-0.0077,0.0061,-0.0001,0.0013,-0.0318,0.0236,-0.0091,-0.0011,-0.0169,0.0003,0.0083,0.0014,-0.0117,0.0002
6,6,0.0983,0.1081,0.0826,-0.0187,-0.1099,-0.1761,1.0492,-0.0272,-0.1053,0.093,0.005,0.0119,-0.0441,0.0362,-0.0034
0,0,1.1011,0.0083,0.0055,0.0054,-0.0025,-0.0312,0.004,-0.0068,-0.018,-0.008,-0.0148,0.0171,-0.0261,-0.0297,-0.0045
0,0,0.9688,0.0107,0.0149,-0.0097,-0.0043,0.0748,0.0116,0.0066,-0.0003,0.0109,0.006,-0.0303,-0.0112,-0.0379,-0.0108
0,0,1.0106,0.0127,0.0051,-0.0113,-0.0218,-0.0076,0.0286,0.0043,0.0074,-0.0259,-0.0038,0.0096,0.0009,-0.0073,-0.0016
0,0,0.9933,0.0013,-0.0107,0.0087,-0.0099,0.0002,-0.0045,-0.037,0.0113,-0.0014,0.0057,0.017,0.0164,0.0304,-0.021
0,0,0.9728,-0.0058,-0.0123,-0.0414,0.0302,0.0069,-0.0228,0.0207,0.0098,0.0152,-0.0205,-0.007,0.0129,0.005,0.0366
3,3,0.0356,-0.0221,-0.0315,1.2655,-0.0657,0.0267,-0.0466,-0.0405,-0.0547,0.0443,-0.0374,-0.0292,0.019,-0.0477,-0.0161
0,0,0.9412,0.0035,0.0076,-0.0141,-0.0242,0.1054,0.0061,0.0204,-0.0068,-0.0056,0.0089,-0.0104,-0.0084,-0.0172,-0.0066
5,5,0.2503,0.1184,-0.0058,-0.0144,-0.0182,0.6004,0.0282,-0.0413,0.0227,0.0669,-0.0125,-0.0071,0.0041,0.0446,-0.0368
0,0,0.6789,0.335,0.0522,0.0418,0.0292,-0.0592,-0.088,0.0049,0.0416,0.0214,-0.0105,0.003,-0.0274,-0.0108,-0.0122
0,0,1.0263,-0.0157,-0.0276,0.0013,-0.0176,-0.0079,0.0078,-0.0085,0.0129,0.0437,-0.0177,-0.0106,-0.0039,0.0169,0.0008
2,2,-0.0756,0.1439,0.9129,0.0152,0.0426,-0.0398,0.0366,0.0578,-0.0056,-0.0987,-0.0468,0.0214,0.0377,0.0037,-0.0056
0,0,1.1062,-0.0201,-0.0025,-0.0182,0.005,-0.0809,-0.0273,0.0087,0.0373,0.0099,0.0225,0.0057,-0.0145,-0.017,-0.0146
0,0,1.0331,0.0231,-0.0097,0.0031,-0.0043,-0.0387,0.0113,-0.0015,-0.0061,-0.0023,0.0163,-0.025,0.0028,-0.0043,0.0017
1,1,-0.0299,0.8981,-0.0428,0.0109,-0.0302,-0.0462,0.1987,0.0043,0.019,-0.0319,0.0261,0.0033,0.0044,0.0176,-0.0017
1,0,0.551,0.4991,-0.0662,-0.0095,-0.0452,0.04,0.0114,0.0094,0.0047,0.025,-0.0431,0.0027,-0.0185,0.054,-0.0143
10,10,-0.0081,-0.0667,-0.0099,-0.022,-0.0066,0.1146,0.0409,-0.0016,0.0172,-0.0327,1.106,-0.0382,-0.0541,-0.04,0.0019
0,0,0.9255,0.0136,0.0049,-0.0467,0.0262,0.1209,-0.0051,-0.0698,0.0139,0.0097,-0.0021,0.0208,-0.0033,0.0145,-0.0227
0,0,1.0204,-0.0178,0.0166,0.0021,0.0139,0.004,0.0037,0.0103,-0.0349,-0.0129,-0.0101,-0.0064,0.0191,-0.0099,0.0016
0,0,1.0383,0.0227,0.008,-0.0027,-0.0175,0.0059,-0.02,-0.0249,0.0441,-0.0032,-0.0229,0.0088,-0.0146,0.0,-0.0223
0,0,1.064,0.0215,0.0109,0.0002,0.0165,-0.0406,0.0119,0.0096,-0.0369,-0.0223,0.0173,-0.0146,-0.0145,-0.0115,-0.0113
0,0,0.9906,0.0149,0.0423,-0.0538,-0.0485,-0.0711,-0.0123,0.0197,-0.0295,0.036,-0.0272,0.0101,0.0675,0.053,0.0089
0,0,0.9185,-0.0518,-0.0092,0.0314,-0.013,0.0051,0.0619,-0.0271,-0.0481,0.0542,0.0486,-0.019,0.0501,-0.0003,-0.0016
0,0,1.0398,-0.0307,-0.005,-0.013,-0.0092,-0.0239,0.0069,0.015,-0.0007,0.0028,0.0073,0.012,0.0063,-0.012,0.0042
1,1,0.3015,0.7945,-0.0083,-0.0425,-0.1153,0.0866,-0.042,0.0209,0.0199,0.0408,-0.027,0.0164,-0.0496,-0.0069,0.0105
1,1,0.007,0.7305,0.0394,0.036,0.0781,0.1103,0.0734,0.0015,-0.1045,0.0832,0.0605,-0.034,-0.0458,-0.02,-0.0155
12,12,-0.1797,0.0416,0.0881,0.3286,0.0868,0.2213,-0.1255,-0.0646,0.0131,-0.039,0.021,-0.0435,0.6027,0.0071,0.0419
0,0,0.9834,-0.016,-0.0394,0.057,0.0101,0.0207,0.0111,-0.0116,-0.0179,0.0218,0.0258,-0.017,0.0003,-0.0205,-0.0082
9,9,0.0284,-0.2244,0.0366,-0.0431,0.0843,-0.0648,-0.0737,0.0319,0.2266,0.906,0.1155,-0.0787,0.1138,-0.0269,-0.0326
0,0,1.1051,0.0058,0.0132,-0.0155,-0.0066,-0.0622,-0.0131,-0.0014,-0.0245,0.0122,-0.0105,-0.0093,0.0095,0.0138,-0.016
0,0,0.9991,-0.019,0.0115,-0.0022,0.0263,-0.0244,0.0067,-0.0057,0.0147,-0.0051,-0.0185,0.0031,0.0137,0.0024,-0.0024
0,0,0.9627,0.0073,-0.0066,0.0003,0.0216,-0.0758,-0.0084,0.0084,0.0065,0.0132,-0.0015,0.0015,0.0586,-0.0108,0.0226
4,4,0.1667,0.0678,0.1129,-0.0731,0.7659,-0.0627,-0.0115,0.1714,-0.0093,-0.0798,-0.0138,-0.0443,-0.01,0.0066,0.012
0,0,0.9705,0.0087,-0.0112,-0.0171,0.0154,0.0269,-0.0025,0.0079,-0.0252,-0.0121,0.0267,0.0098,-0.0176,0.0236,-0.0037
0,0,1.0327,-0.0156,-0.0064,-0.0088,0.0066,-0.0229,0.0039,0.008,0.0051,-0.0028,0.0085,-0.0047,0.0009,-0.002,-0.0024
0,0,1.0518,0.0025,0.0179,0.0061,0.0077,-0.0701,0.0026,0.0023,0.0003,0.0043,-0.0149,-0.0079,-0.0089,0.0133,-0.007
1,1,-0.0409,1.063,0.0269,-0.0011,-0.0521,-0.0309,-0.0643,0.0162,-0.0542,0.0849,0.0383,0.0072,0.0394,-0.0251,-0.0068
0,0,1.0095,-0.0111,-0.0067,-0.0053,-0.0073,-0.0146,0.0035,0.028,-0.0136,0.0028,0.0084,-0.0027,0.0048,-0.0092,0.0133
3,3,-0.0055,-0.0394,-0.0247,1.0109,0.0158,0.0939,-0.0096,-0.0287,0.0473,0.0054,-0.0295,-0.009,-0.003,0.0051,-0.0293
0,0,1.0356,0.007,0.0042,0.0029,-0.0275,-0.0483,0.0109,0.002,0.0144,0.0049,0.0035,-0.0026,-0.004,0.0005,-0.0034
0,0,1.0334,-0.0077,-0.0209,-0.0087,-0.0327,-0.0249,0.0213,0.0092,-0.0065,-0.0031,-0.0088,-0.0065,0.0326,0.0098,0.0136
6,6,0.1716,0.0374,0.0387,-0.0093,0.1435,-0.1236,0.8563,-0.0178,-0.0455,0.0193,-0.0591,0.0382,0.0084,-0.0355,-0.0239
5,5,0.2591,-0.0287,-0.0218,-0.0115,-0.047,0.9252,-0.0307,0.0024,0.0525,-0.0051,-0.0798,-0.0192,0.0357,-0.0298,-0.001
0,0,1.033,-0.003,0.0032,-0.0232,-0.0181,-0.0025,0.0027,-0.0153,0.0003,0.0045,0.013,-0.0051,0.03,-0.0168,-0.0031
0,0,0.9497,0.0017,0.0149,-0.0181,-0.0103,0.0074,-0.0125,-0.0146,0.038,0.0173,0.0058,0.0187,-0.0081,0.0072,0.003
0,0,0.9764,-0.0105,0.0114,0.0146,0.0447,0.0384,-0.0195,-0.006,-0.0159,0.0243,-0.0397,0.0032,-0.003,0.0032,-0.0216
2,2,0.129,-0.0564,0.9213,0.012,-0.0001,-0.0388,0.077,-0.0932,-0.0143,0.0996,-0.0531,-0.0373,0.0148,0.0613,-0.0217
3,3,-0.0224,-0.0511,-0.1009,0.9724,0.1165,-0.1449,-0.1099,0.1686,-0.0696,0.1113,0.0598,-0.0126,0.0368,0.0315,0.0143
0,0,0.9863,-0.0109,0.0161,-0.0054,-0.0039,0.0195,0.0027,0.0163,-0.0125,0.0252,-0.0073,0.0281,-0.0759,0.0019,0.0196
3,3,0.0204,-0.003,0.0071,0.8813,0.0486,-0.0442,0.0782,-0.0262,0.0277,0.1599,-0.0653,-0.0558,-0.0449,-0.0107,0.0275
0,0,0.9805,0.0015,-0.001,0.016,0.0348,-0.0228,0.0055,-0.0022,0.0004,0.0011,0.0152,-0.0006,-0.0079,-0.0235,0.0029
0,0,0.9634,0.0151,0.0062,-0.0152,0.0327,0.0596,-0.0085,-0.0119,-0.0412,-0.0047,-0.0254,-0.0063,-0.0099,0.0252,0.0207
1,1,0.0376,0.7992,-0.0007,0.0277,-0.0237,-0.0447,0.1012,-0.0181,-0.0416,0.1596,-0.0012,0.022,-0.0613,0.0671,-0.0226
0,0,0.9611,-0.007,-0.0486,0.0556,-0.0,-0.0321,0.0172,0.012,0.0078,-0.0073,0.0027,0.0282,0.0038,-0.0091,0.0155
0,0,1.0043,0.0174,-0.0107,-0.0005,0.0055,-0.0039,0.0287,-0.0163,0.0068,-0.0223,0.0163,-0.0018,0.0016,-0.0157,-0.0092
0,0,1.0109,0.0119,-0.0023,-0.0123,-0.0155,-0.0352,-0.0104,-0.003,0.0095,0.0244,0.0123,0.0303,-0.0272,0.0103,-0.0033
0,0,0.9805,0.0352,0.0171,0.0001,0.0608,-0.06,-0.0129,0.0131,-0.0139,-0.0109,0.0275,0.0035,-0.0257,-0.017,0.0025
1,1,-0.0794,0.9449,-0.0173,-0.0245,-0.0617,-0.0241,0.0677,0.0797,0.0297,0.1147,-0.028,-0.0457,0.0351,0.0273,-0.019
0,0,0.978,-0.0115,0.0173,-0.0241,0.0163,-0.0008,0.0017,-0.0044,0.0157,0.0114,0.0087,-0.0125,0.0026,-0.0064,0.0081
0,0,1.0017,0.0057,0.0034,0.0207,-0.0402,0.0454,-0.0269,0.0079,-0.025,0.0437,-0.022,-0.0062,0.0088,-0.0133,-0.0036
5,0,0.6636,0.0057,0.0351,0.0195,0.0636,0.2925,0.0334,-0.008,-0.0394,0.0102,0.0018,0.0024,-0.0078,-0.0494,-0.0233
1,1,0.0558,0.9912,0.0038,0.0125,0.0533,0.005,-0.0963,-0.0224,-0.0087,-0.0458,0.0346,0.0238,-0.0034,0.0025,-0.006
0,0,1.0166,-0.0126,0.0011,0.0053,-0.0178,-0.0258,0.0089,0.0136,-0.0035,0.0055,0.0057,0.0044,-0.007,0.0104,-0.0045
0,0,1.074,-0.0108,0.0051,0.0361,0.0262,0.0063,-0.0283,-0.0275,0.0041,-0.0259,-0.003,0.0084,0.0046,-0.0605,-0.0087
10,10,-0.0108,-0.0536,0.1373,0.0483,0.0969,-0.0997,0.0058,-0.0541,0.0234,0.0287,0.7332,-0.0312,0.0538,0.1027,0.0208
0,0,0.9072,0.0014,0.0123,0.0285,0.0021,0.1913,-0.0201,-0.0348,-0.0249,-0.0155,-0.0063,-0.0154,-0.0304,-0.0017,0.0057
0,0,1.0128,-0.002,0.0227,-0.0125,0.0109,-0.0451,0.0099,-0.0063,0.016,0.0032,-0.0048,0.0008,0.0093,-0.0111,-0.0037
0,0,1.0345,-0.037,-0.0415,-0.0384,0.0282,-0.0091,-0.0194,-0.0224,0.0226,-0.0034,0.058,0.0101,-0.0317,0.0478,0.0008
0,0,0.959,0.0113,-0.0122,-0.0012,0.0316,0.0222,-0.0052,-0.0152,0.0254,-0.0076,-0.0087,-0.0029,-0.0147,0.0064,0.012
0,0,0.9204,-0.0315,-0.0183,0.0188,-0.0157,0.0723,-0.0031,-0.0048,0.0257,-0.0176,0.0491,-0.0026,-0.0146,0.0267,-0.0048
0,0,1.0296,-0.0367,-0.0268,0.0033,-0.0146,0.033,0.0107,0.0063,0.0008,-0.0345,0.0,0.004,-0.0002,0.0226,0.0022
0,0,0.8016,-0.0315,-0.013,0.165,0.0213,0.1426,0.0455,-0.0026,-0.0372,-0.0487,-0.0076,-0.0207,-0.0214,-0.0118,0.0186
0,0,0.9908,-0.0046,-0.001,-0.0186,0.0107,0.01,0.0047,-0.0108,0.0101,0.01,-0.0015,0.0004,0.0107,-0.0046,-0.0065
12,12,-0.1178,-0.003,0.1089,-0.0432,-0.0408,0.0302,-0.019,-0.0078,-0.0289,0.0359,-0.0174,0.1276,0.9527,0.0361,-0.0125
6,0,0.6233,-0.0229,-0.0062,-0.0196,0.1143,-0.0437,0.3629,-0.0486,-0.0624,-0.0371,0.1033,0.0408,-0.0595,-0.0018,0.0572
5,5,0.193,-0.0332,-0.0124,-0.032,-0.0417,0.7092,0.0425,0.0509,0.059,0.014,0.0573,-0.0161,0.0795,-0.0561,-0.0139
1,1,-0.0604,1.1378,-0.0336,0.0181,-0.0982,0.0567,0.059,-0.0086,0.0295,-0.0314,-0.0303,0.0486,-0.079,-0.0028,-0.0047
6,6,-0.0769,0.2588,0.0019,-0.0271,0.0704,-0.005,0.6578,0.0015,-0.0645,0.0064,0.0521,0.0337,0.0267,0.0988,-0.0337
0,0,1.0541,-0.0217,-0.019,0.0561,0.0207,-0.0847,0.0212,-0.0107,-0.0202,-0.0291,0.0108,0.0225,-0.0213,0.0283,-0.0066
0,0,1.0094,-0.0344,-0.0373,0.0431,0.0049,0.0349,-0.0181,0.013,0.0026,0.0131,-0.0162,-0.0108,0.0006,-0.004,-0.0005
0,0,0.8333,-0.0006,-0.0281,0.0679,0.0084,0.1281,0.0234,0.028,-0.011,0.0198,-0.0471,-0.0052,0.0109,-0.0285,0.0009
0,0,0.9128,-0.0061,-0.0058,0.0025,0.0135,0.1069,0.0098,-0.0127,-0.0247,-0.0063,-0.0049,0.0125,-0.0098,0.0095,0.0024
0,0,1.0911,0.0076,-0.016,-0.0105,-0.0729,-0.0091,-0.0254,0.035,0.0094,-0.0126,-0.0169,0.0161,-0.0259,0.0279,0.0022
7,7,0.032,-0.0316,-0.0166,0.0447,0.0942,0.0113,0.0838,0.7037,0.2256,-0.024,-0.0175,-0.0417,-0.0183,-0.0255,-0.0217
0,0,0.8392,-0.0095,0.0053,-0.003,0.025,0.0855,0.1065,-0.0207,0.0377,-0.0141,-0.0234,0.0028,-0.0048,-0.0207,-0.0063
0,0,0.9226,0.007,0.0159,0.005,0.0663,0.0508,0.0037,-0.0325,-0.0074,0.0149,-0.0054,-0.0034,-0.0059,-0.0182,-0.0136
0,0,0.9616,0.015,0.0295,-0.0043,-0.0155,0.0198,0.0144,-0.0102,-0.0125,-0.0133,0.0061,-0.0064,0.0311,-0.0111,-0.0042
0,0,1.0481,-0.006,0.0023,-0.0291,-0.0233,-0.0514,0.018,-0.0022,0.0173,0.008,0.0155,0.0112,0.0142,-0.0125,-0.01
0,0,0.9921,-0.0089,0.0422,-0.0171,0.0154,0.0599,0.0106,0.0006,-0.0514,-0.0043,-0.0554,0.0153,-0.0231,-0.0065,0.0306
1,1,-0.0127,0.9465,-0.0798,0.0404,-0.1471,0.0627,0.1023,-0.0922,0.1041,0.1267,-0.0442,-0.0076,-0.0317,0.0393,-0.0062
0,0,0.9786,0.0191,-0.0091,-0.0027,0.0365,0.0154,-0.0188,0.0132,-0.015,-0.0372,0.0034,-0.0072,0.0197,-0.0052,0.0095
0,0,0.9467,-0.0151,-0.014,0.0345,0.0569,-0.0247,-0.0057,0.002,0.0159,0.016,0.0014,-0.0005,-0.0104,-0.0178,0.0147
9,9,0.0396,0.0813,-0.0185,-0.1018,0.0165,-0.046,0.0138,-0.1296,0.037,0.8515,0.0957,-0.0093,0.0997,0.064,0.0066
0,0,0.9326,0.0156,0.0178,-0.0003,0.018,-0.0147,0.0177,0.006,-0.029,0.0098,0.0298,0.0087,-0.0045,-0.0078,0.0004
7,7,-0.0449,-0.028,-0.083,0.0193,0.0906,0.0898,0.079,1.0388,-0.0499,-0.0214,-0.0693,0.0422,-0.0456,-0.0175,-0.0007
1,1,-0.1042,1.2398,0.0257,0.0157,-0.0013,0.0277,-0.055,0.0175,0.0039,-0.0697,-0.029,-0.0186,-0.0058,-0.0284,-0.0182
0,0,1.0059,0.0162,0.0092,-0.0009,0.0141,0.0561,-0.0004,-0.0198,0.0017,0.0025,-0.0262,-0.0164,-0.0149,-0.0195,-0.0076
5,5,0.2691,-0.0735,-0.0105,0.0497,-0.0196,0.766,0.0238,0.004,-0.0446,-0.002,0.0928,-0.011,-0.0259,0.0077,-0.0263
6,6,0.1241,0.3403,-0.0012,-0.0627,0.0909,-0.1002,0.4783,0.0633,-0.065,0.0033,0.0266,0.0258,0.0739,0.0242,-0.0217
0,0,0.9899,0.0234,-0.0376,0.0112,-0.019,-0.0383,0.0146,0.0025,0.0401,-0.0629,0.03,-0.0154,0.0292,0.0341,-0.0014
0,0,1.0356,0.0031,-0.0123,0.0018,-0.0575,-0.0079,0.0391,0.0015,0.0039,-0.025,-0.0002,0.0189,0.0039,-0.0047,-0.0008
0,0,0.9721,-0.0104,0.0141,0.02,0.0058,0.0226,0.0208,-0.0224,-0.0139,-0.0114,-0.0195,0.0106,0.0147,-0.0075,0.0045
0,0,1.059,0.0278,0.0107,0.0295,-0.0069,-0.0088,-0.0018,-0.0022,-0.015,-0.0187,-0.0212,0.0053,-0.0355,-0.0268,0.0048
1,1,-0.0179,0.9205,-0.0818,0.0232,-0.0215,-0.0475,0.0534,0.0323,0.0615,0.0142,0.0305,-0.0501,0.0047,0.0821,-0.0036
0,0,0.9545,0.0093,0.0048,-0.002,0.0566,0.024,-0.0152,0.0247,-0.0412,-0.0134,0.015,-0.033,0.004,-0.011,0.0227
8,8,-0.29,0.1303,0.056,-0.0257,0.2322,0.1032,0.2098,0.0399,0.5074,-0.0778,0.136,-0.0544,-0.0105,0.0698,-0.0263
0,0,1.0355,0.0154,-0.0085,-0.0171,0.0002,-0.0415,-0.0155,-0.0137,0.01,-0.0082,0.0231,0.0013,0.0207,-0.0057,0.004
0,0,0.6878,-0.0036,-0.0023,0.0392,0.0296,0.2312,-0.0062,0.0041,0.0201,0.0194,0.0156,-0.0201,-0.019,-0.0184,0.0226
0,0,1.0563,0.0142,0.0041,0.0077,0.008,-0.0664,-0.0205,-0.0126,0.0042,0.0082,0.0095,-0.0164,0.0117,-0.0072,-0.0008
0,0,0.9692,0.0176,-0.0159,-0.0258,-0.0171,-0.046,-0.0104,0.0066,0.0354,0.0214,-0.0067,-0.0033,0.033,0.0373,0.0045
0,0,0.9504,0.006,-0.0,-0.0092,0.0894,-0.026,0.0144,0.0145,-0.0427,-0.0093,0.0424,-0.0118,-0.0185,0.0008,-0.0004
0,0,1.0442,-0.038,0.0168,0.0409,0.0126,-0.0122,0.0164,-0.0196,-0.0198,-0.03,-0.0138,0.0172,-0.0114,0.0024,-0.0057
0,0,0.9311,-0.029,0.0136,0.0048,0.001,0.048,-0.0276,0.0059,0.0295,-0.0123,0.0476,-0.0205,0.0166,0.0033,-0.0126
0,0,1.024,0.0068,-0.0043,0.0018,-0.0005,-0.0066,0.0064,-0.0073,-0.0194,0.0042,-0.0113,0.0078,0.002,-0.0013,-0.002
0,0,0.8875,0.0542,-0.0178,0.0561,0.051,0.0108,-0.0086,-0.0224,-0.0389,0.0193,-0.0018,0.0084,-0.0086,0.0038,0.0072
0,0,1.0027,-0.0031,-0.0034,0.0031,0.0034,0.0001,-0.0146,0.0115,0.0016,-0.0055,-0.0,-0.0094,0.0207,0.0031,-0.01
0,0,1.0324,0.0021,0.0008,-0.0065,-0.0143,0.0064,-0.0044,-0.0108,0.0008,0.0104,0.013,-0.0081,-0.0132,-0.0003,-0.0085
0,0,0.8273,-0.0343,-0.0237,0.0084,0.0415,0.1144,-0.0301,0.0018,-0.0611,0.0841,0.0276,-0.0431,0.0167,0.0383,0.0328
0,0,1.0125,0.0126,0.0092,-0.0089,0.0077,-0.0032,-0.0057,-0.0317,0.0015,0.0035,0.0036,0.003,0.0033,-0.016,0.0088
6,6,-0.0122,-0.0121,-0.021,-0.027,-0.0739,-0.1079,1.2054,0.0267,0.0113,0.015,0.0495,-0.0381,-0.0161,0.0113,-0.0113
0,0,0.9718,-0.0175,0.0015,0.0038,0.0183,0.0145,0.0049,0.0136,-0.009,0.0095,-0.0,-0.0061,0.002,-0.005,-0.0018
0,0,1.0482,-0.0353,-0.024,-0.027,-0.0051,-0.026,0.02,-0.0011,0.0264,0.0082,0.0274,-0.0033,0.0017,-0.004,-0.0057
0,0,0.9379,-0.0334,-0.0158,0.0337,0.0078,0.0649,-0.0324,0.0135,-0.0028,-0.0015,-0.0127,0.0065,0.0057,0.0125,0.0163
0,0,0.9303,0.0194,0.0108,0.0131,0.0456,0.0116,-0.0155,-0.0197,-0.0059,-0.0104,0.0109,0.0074,-0.0059,0.0069,0.0014
0,0,1.0434,-0.0172,-0.0275,0.0113,-0.053,-0.014,0.0164,-0.015,-0.0104,0.0367,0.0179,-0.0004,0.0081,0.0172,-0.0135
6,6,0.0277,-0.0385,-0.076,0.0217,0.0259,0.0242,0.9992,0.0047,0.0991,-0.0998,-0.0143,-0.0056,0.0364,0.0001,-0.0052
0,0,1.0218,0.0014,0.006,-0.0137,-0.0009,-0.026,-0.0162,0.0152,-0.0028,0.002,0.0271,0.006,-0.0058,-0.0072,-0.0063
0,0,0.9757,0.0211,0.0022,-0.0311,-0.0377,0.0663,-0.0012,0.0241,0.0159,-0.0202,-0.018,-0.0037,0.0049,-0.0013,0.0023
0,0,0.8912,0.0642,0.0298,-0.0621,0.0512,-0.0286,0.004,0.1033,0.0021,0.0014,-0.024,0.0069,-0.0815,0.0039,0.0391
0,0,1.0364,0.0286,-0.0129,0.0047,-0.0095,-0.0241,-0.0168,-0.019,-0.0116,-0.0058,0.0282,0.0144,-0.0113,0.0151,-0.0163
0,0,1.0485,0.0135,-0.0223,-0.0127,-0.0045,-0.0268,0.0001,-0.0062,-0.0018,0.0031,0.0122,-0.004,0.0089,0.0101,-0.018
1,1,-0.0461,0.6524,0.0926,0.0203,0.1548,-0.0711,0.1102,-0.0891,-0.0046,0.201,0.0241,-0.0444,-0.0052,-0.0011,0.0065
0,0,0.8029,-0.0077,-0.0153,0.1055,0.0041,0.1063,0.0717,0.0157,-0.0643,-0.0467,-0.0038,0.0462,0.0047,-0.0294,0.0104
0,0,1.0581,0.0092,-0.0008,-0.0029,-0.029,-0.0334,-0.0194,0.0119,0.0258,-0.0045,-0.026,0.0237,-0.0357,0.0219,0.001
0,0,0.8253,-0.0436,0.0175,-0.0041,-0.0378,0.1969,0.0274,0.0481,0.0017,-0.011,0.0046,-0.0334,0.0735,-0.0443,-0.021
0,0,0.9466,-0.0037,-0.0412,0.0014,-0.0289,0.1166,0.0134,-0.0005,0.0517,-0.0097,-0.0132,-0.0174,-0.005,-0.0308,0.0209
6,6,0.1327,-0.055,0.0053,0.0208,-0.0373,-0.0445,1.0115,0.0299,0.0267,-0.0763,0.0159,-0.0041,-0.0041,0.0028,-0.0241
0,0,1.1165,-0.046,-0.0234,0.0666,-0.0157,-0.054,0.0115,-0.0175,-0.002,-0.0166,-0.01,-0.0261,0.036,-0.0082,-0.0108
0,0,0.9984,0.0035,0.0093,-0.0075,-0.0244,-0.0226,-0.0246,0.0312,0.0068,0.0144,0.0067,0.0137,0.0045,-0.0118,0.0022
0,0,0.7616,-0.0071,-0.0111,-0.0046,0.017,0.2272,0.01,-0.0001,0.0063,-0.0006,0.0209,-0.0025,-0.0109,-0.0128,0.0068
0,0,0.9154,-0.0339,0.0116,-0.0144,0.0059,0.0048,0.0104,-0.0049,0.0209,0.0287,0.054,-0.0117,0.0169,-0.0013,-0.0028
0,0,0.9766,0.0121,-0.0051,0.0071,-0.0023,0.0265,-0.0094,-0.0078,-0.0098,0.0252,0.0164,-0.0218,0.0109,-0.0202,0.0018
0,0,0.7768,-0.0521,0.0152,-0.0266,0.0805,0.0666,0.0282,0.2112,-0.0323,-0.0278,0.0535,-0.0312,0.0088,-0.046,-0.0245
0,0,1.029,0.0383,0.0157,0.0045,-0.0498,-0.0302,0.0164,-0.0186,-0.0099,-0.0143,0.0077,0.0149,0.0146,-0.0114,-0.0069
13,13,-0.0838,0.1602,0.1408,0.0388,-0.0003,0.28,-0.116,-0.108,-0.1093,0.0188,-0.1075,-0.099,0.3231,0.6336,0.0294
1,1,0.0032,0.7567,-0.0058,0.0191,-0.0203,-0.061,-0.0611,-0.0547,0.0002,0.2417,-0.015,0.1762,0.0049,0.0263,-0.0096
1,1,-0.0616,1.1111,-0.0404,0.0395,0.0026,-0.0109,-0.0267,0.0101,-0.0323,0.018,0.0113,0.0077,-0.014,-0.0269,0.0125
1,1,-0.0275,1.0516,0.0096,0.0958,0.0397,-0.039,0.0026,-0.1241,-0.0624,-0.0074,0.0165,0.0409,-0.033,0.0449,-0.0076
0,0,1.0726,0.03,-0.0148,0.007,-0.0322,-0.0373,0.0115,-0.0177,0.0006,-0.015,0.0102,-0.0002,0.0003,-0.0227,0.0075
0,0,1.0308,-0.0046,0.0046,-0.0152,0.0359,-0.0371,0.0304,0.0179,-0.0102,-0.036,-0.0137,0.0037,0.0094,-0.0206,0.005
0,0,1.0043,-0.0243,0.0105,0.0117,0.0204,0.0652,-0.0333,-0.0294,0.0117,-0.0005,-0.0007,0.0211,-0.0328,0.0025,-0.0269
7,7,0.0829,0.0284,-0.0222,-0.0632,-0.0319,-0.0377,-0.0009,1.1164,-0.0493,0.025,-0.0487,-0.0363,0.0324,0.0346,-0.0292
7,7,0.144,-0.074,-0.0323,0.2371,-0.0788,-0.0291,0.0017,0.6817,0.0294,0.0038,0.0222,0.0098,0.0238,0.0007,0.0609
5,0,0.5015,0.0059,-0.0192,0.0108,0.0149,0.4111,-0.0067,-0.0378,0.0265,-0.0027,0.1177,-0.0121,-0.0243,-0.0098,0.0241
13,13,-0.0328,-0.0423,0.1183,0.0485,-0.0563,-0.0447,0.106,0.016,-0.0448,0.1814,-0.0209,-0.0462,0.0654,0.7198,0.033
0,0,1.1292,-0.033,-0.0118,0.0035,-0.0351,-0.0632,0.0135,0.0216,0.0086,-0.009,-0.0108,-0.0083,0.0128,-0.0092,-0.0087
0,0,1.0019,-0.0474,0.0086,0.0231,0.0084,-0.0007,-0.0186,-0.0292,-0.0124,0.0667,-0.018,-0.0017,-0.0119,0.0187,0.012
0,0,0.9985,-0.0093,-0.0185,0.0082,0.0413,-0.0292,0.0127,-0.048,0.0288,-0.001,-0.0095,0.0093,0.0066,-0.0001,0.0104
0,0,1.0171,-0.0015,0.0251,-0.0114,-0.007,-0.005,-0.011,-0.0,0.0053,0.009,-0.0162,-0.0078,0.0102,-0.0002,-0.0067
0,0,1.0554,0.0049,-0.0085,0.0148,-0.0174,-0.079,-0.0216,0.0405,0.0115,-0.021,0.0166,-0.0264,0.0373,-0.0039,-0.0034
5,5,0.1526,0.0211,-0.0441,0.0434,-0.0458,1.0241,-0.0279,-0.0073,0.0018,-0.0364,-0.0153,-0.0108,-0.0187,-0.0282,-0.0083
6,6,0.1149,-0.0316,0.1977,-0.0461,0.0151,0.1326,0.4642,-0.0111,-0.0119,0.1221,0.0298,0.0062,-0.0177,0.004,0.0324
0,0,1.0095,0.0424,0.0134,-0.0143,0.0412,-0.0539,-0.0031,0.0183,-0.0518,0.0029,0.0502,0.0046,-0.0418,-0.0113,-0.0062
0,0,0.9493,0.0369,-0.0188,-0.0,-0.0212,0.0496,-0.0115,0.0175,-0.0576,0.0178,0.033,0.0201,-0.0613,0.039,0.0066
0,0,0.993,0.0191,-0.0219,-0.0001,-0.0553,-0.0451,0.0247,0.013,-0.0273,0.0075,-0.0023,0.0307,0.066,0.0094,-0.0115
4,4,-0.0004,0.065,-0.1152,0.1397,0.6076,0.0171,0.0386,-0.1329,-0.1866,0.029,0.0137,0.371,0.0646,0.0474,0.0428
0,0,0.9522,0.0152,0.0017,-0.0302,-0.0066,0.0548,-0.0262,0.0029,0.0336,0.0089,0.0012,0.0197,-0.0022,-0.0238,-0.0015
0,0,1.0521,0.0076,0.008,-0.0159,-0.0112,-0.0359,0.0276,-0.0033,-0.0177,-0.0029,-0.0181,0.0163,-0.0036,-0.0051,0.0023
9,9,0.2998,0.0833,-0.0356,0.1934,-0.0204,-0.1171,0.0057,-0.2602,0.0407,0.6376,-0.0398,0.168,0.1338,-0.0465,-0.0435
0,0,0.9664,0.0267,0.0323,-0.0438,-0.045,0.0819,-0.0479,0.0159,0.0576,-0.0036,0.0119,-0.0282,-0.0262,-0.0137,0.0159
0,0,0.936,0.0327,-0.0163,0.0194,0.0134,-0.017,0.0068,-0.005,-0.002,0.0265,0.0036,-0.0131,0.0005,0.0259,-0.012
0,0,0.9498,-0.024,0.013,0.0187,0.0461,0.0198,-0.019,-0.0026,-0.0156,-0.0025,0.013,0.0012,0.004,0.0049,-0.0068
7,7,0.0044,0.1599,-0.0038,-0.0053,-0.045,0.0333,-0.0071,0.8311,-0.0523,0.1534,-0.0401,-0.0093,-0.0029,-0.0055,-0.0113
0,0,1.0432,0.0167,-0.0137,0.015,-0.0272,0.0141,-0.0065,-0.029,0.0404,-0.0038,-0.0084,-0.0098,-0.015,-0.0139,-0.002
1,1,0.0704,0.8661,0.0171,-0.0336,0.0441,-0.0563,0.0337,-0.048,0.0042,0.002,0.0419,0.0158,0.0754,-0.0259,-0.0064
0,0,1.0596,0.0071,-0.0063,-0.0132,0.0075,-0.0638,0.015,0.0066,0.0095,-0.0192,0.0084,-0.0007,-0.0041,-0.0014,-0.0049
3,3,-0.1061,-0.0317,-0.0991,1.1433,-0.0475,0.1271,-0.0447,0.0001,0.0095,0.0309,0.0394,-0.0136,0.0441,-0.07,0.0179
0,0,0.9636,0.0136,-0.0023,0.0177,-0.0107,-0.0225,-0.0007,0.0198,-0.0126,0.0178,0.0345,-0.0097,-0.001,-0.0016,-0.0063
0,0,0.973,0.0137,0.0143,-0.0219,-0.0048,0.0453,-0.0049,0.0234,0.0046,0.0248,-0.0113,-0.0093,-0.0311,-0.0033,-0.0125
0,0,0.9394,-0.0236,0.0051,0.0119,0.0094,0.0483,-0.0166,0.0855,0.0287,0.0018,-0.0624,0.0684,-0.0925,0.0011,-0.0041
0,0,0.9835,-0.0079,0.0108,-0.0196,0.0216,-0.0264,0.0151,0.0311,-0.0015,-0.0075,0.0126,-0.0122,0.0032,-0.0162,0.0139
0,0,1.072,-0.0181,-0.0175,-0.0115,-0.0727,-0.0447,0.0006,0.036,-0.0159,0.0429,0.0238,-0.0135,0.0243,-0.0287,0.0228
6,6,0.0064,0.0654,0.0836,0.034,0.0702,-0.0227,0.9342,0.0367,-0.0351,-0.1729,0.0706,-0.0428,-0.018,-0.0086,0.0
12,12,-0.037,0.0166,-0.0193,0.0972,0.0347,0.0997,0.0037,0.1362,0.0654,0.0595,-0.1037,0.0523,0.6352,-0.0001,-0.0402
5,0,0.455,-0.0177,0.0445,0.0128,0.0022,0.4547,-0.0203,0.023,-0.0366,0.0015,0.0668,0.0143,-0.0263,0.0538,-0.0274
4,4,0.1556,-0.093,0.0134,0.008,0.9296,0.0285,-0.0141,0.0183,-0.0341,-0.0162,-0.0017,-0.0145,0.0417,-0.0395,0.0188
1,1,0.0363,0.6389,-0.0369,-0.0814,-0.0535,-0.0046,-0.0475,0.0178,-0.012,0.3086,-0.0745,0.0546,0.2655,0.0207,-0.0338
4,4,0.1819,0.022,-0.0953,0.0661,0.8826,0.0244,-0.0523,-0.1516,0.2211,-0.0223,-0.1108,0.0311,-0.0071,0.0035,0.0068
0,0,0.9785,0.0173,0.0005,-0.0115,0.004,0.0133,0.004,0.0031,0.0023,-0.0112,-0.0043,0.0036,-0.0001,0.0074,-0.0071
0,0,0.9975,-0.0018,-0.0042,-0.0042,-0.0215,-0.002,-0.001,0.0191,0.018,0.0051,-0.0039,-0.0009,0.0082,-0.0067,-0.0019
0,0,1.0183,-0.0094,0.0024,0.0055,0.0255,0.0001,0.0074,-0.0007,-0.022,-0.0141,-0.0091,-0.0015,-0.0114,-0.0016,0.0112
0,0,1.0083,-0.0119,-0.0031,0.0092,0.0424,-0.0169,-0.0182,0.0262,0.0116,-0.0207,0.0194,-0.0036,-0.05,0.0069,0.0005
0,0,0.9859,0.0108,-0.0142,0.0144,-0.0018,0.0294,0.0102,-0.0061,-0.0169,-0.0233,0.0129,0.0146,-0.0143,0.0049,-0.0066
0,0,0.8314,-0.0006,-0.0009,0.0195,0.0659,0.1188,-0.0094,-0.0197,0.0064,-0.023,0.0416,-0.013,-0.0184,-0.012,0.0136
0,0,0.9647,0.0345,0.0149,-0.026,0.0446,-0.0091,-0.0121,-0.0095,0.0062,-0.0322,0.0256,-0.0055,-0.001,0.006,-0.0009
0,0,1.0073,0.0541,-0.0053,0.0335,-0.0171,-0.0347,0.0379,-0.0317,-0.0136,-0.0211,-0.0059,-0.0029,-0.0169,0.0246,-0.008
1,1,0.0805,0.9385,0.0592,-0.0156,0.0695,-0.0835,-0.0353,-0.0559,-0.0292,0.0233,0.0104,0.0213,0.0229,-0.0035,-0.0021
0,0,0.8292,0.0979,0.0666,-0.0403,0.0491,-0.0057,0.0182,-0.0014,-0.0267,-0.0221,0.0116,-0.0062,-0.0072,0.0452,-0.0078
9,9,0.3452,-0.0101,0.1744,-0.0788,0.0571,-0.1125,-0.128,0.071,0.2479,0.4446,-0.0427,-0.0051,0.1027,-0.0469,-0.0189
0,0,0.9336,-0.0268,0.0172,-0.0173,-0.0486,0.082,0.0303,0.0108,-0.0099,0.0184,0.0042,-0.0113,0.0137,0.0058,-0.0022
0,0,0.9981,0.0384,-0.0006,0.0124,0.0509,-0.0474,-0.0047,-0.0112,0.0151,-0.0067,-0.0272,-0.0027,-0.0124,-0.0014,-0.0003
5,0,0.5094,-0.0703,-0.0215,0.0196,0.1161,0.4395,-0.042,0.0051,-0.1139,0.0248,0.0494,-0.0071,-0.0251,0.0668,0.0491
0,0,0.9419,-0.0257,0.0019,-0.0132,0.0,0.1125,-0.0234,0.0182,0.0099,0.0243,-0.02,-0.0042,-0.0071,-0.0135,-0.0017
1,1,0.0975,0.7295,-0.0872,-0.0094,0.1813,-0.0065,0.1022,0.0276,-0.0545,0.0268,0.0205,-0.0084,-0.0201,0.0102,-0.0101
0,0,1.0573,-0.0081,0.007,0.0199,-0.0122,-0.1012,0.004,0.0261,-0.0282,0.025,0.0045,-0.0062,0.0166,-0.0075,0.0025
0,0,1.0435,-0.0067,0.0039,-0.0092,-0.0023,0.0153,-0.0027,-0.0075,-0.0137,0.0057,0.0028,0.0207,-0.038,-0.0044,-0.0074
0,0,1.0418,-0.0032,0.0491,-0.0192,-0.0413,-0.0119,-0.0268,-0.0009,0.0349,-0.0061,-0.0094,-0.0014,-0.0256,0.0082,0.0118
0,0,1.0314,-0.0062,-0.0249,0.0309,0.0067,-0.0657,0.0215,0.011,-0.0025,-0.0172,-0.005,0.0029,0.001,0.0221,-0.0061
0,0,1.046,-0.0178,0.0059,-0.0006,-0.0169,-0.0221,0.0099,0.0047,-0.0091,0.003,-0.0049,-0.0039,-0.0051,0.0107,0.0005
0,0,1.0257,-0.0012,0.0269,0.0053,-0.0088,-0.0093,-0.0067,-0.0036,0.0341,-0.0154,-0.0144,-0.0031,-0.0077,-0.0121,-0.0098
2,2,-0.0684,0.0879,0.9492,-0.0333,0.1735,-0.0251,-0.0748,0.092,-0.0803,-0.0515,-0.0682,-0.0097,-0.0125,0.0666,0.0547
0,0,1.0249,0.0256,-0.0216,0.0062,-0.0211,-0.0228,0.0159,-0.0095,-0.0092,-0.0194,0.0075,-0.0034,-0.0117,0.0229,0.0154
0,0,0.9989,0.0095,0.0072,0.0186,-0.0177,-0.0013,-0.0002,0.0034,-0.034,-0.0084,0.0233,-0.0056,0.0295,-0.0042,-0.0189
0,0,1.0871,0.044,-0.0105,0.0246,-0.0335,-0.0543,0.0011,-0.0107,-0.0014,-0.0626,-0.0085,0.0197,-0.0149,0.0155,0.0048
0,0,1.0059,0.0207,-0.023,0.0346,0.0532,-0.0217,0.0184,-0.0205,-0.0043,-0.0169,-0.0053,-0.0041,-0.0223,-0.0105,-0.0038
4,4,-0.0248,0.0092,0.0683,0.0067,1.0075,0.0206,0.0097,-0.0499,0.011,0.0659,-0.0325,-0.024,-0.0231,-0.0336,-0.0113
4,4,0.0243,-0.0408,-0.0249,-0.0173,1.0504,-0.061,-0.0738,0.0351,-0.0037,0.0305,0.0101,-0.0342,0.0225,0.0846,-0.0015
0,0,1.0414,-0.0258,0.0077,-0.0147,-0.0035,-0.0372,-0.0181,0.0005,0.0326,-0.0026,0.046,0.006,-0.0327,-0.0047,0.0052
0,0,1.0492,0.0043,0.0115,-0.0313,-0.0083,-0.0343,0.0079,-0.0059,-0.0095,0.0203,0.0366,-0.0155,-0.0144,-0.014,0.0035
0,0,0.9207,0.0466,0.0049,0.0137,-0.021,0.0054,-0.0435,0.042,0.036,-0.0858,-0.0015,0.0259,0.0321,0.0354,-0.011
0,0,0.9625,-0.0126,-0.017,0.0011,-0.001,0.0284,-0.0181,-0.0053,0.0125,0.0142,0.0213,0.0012,-0.0083,0.0221,-0.0012
2,2,0.0615,0.0456,0.9745,0.0403,0.0383,-0.0681,-0.0187,-0.0151,-0.0875,-0.0717,-0.0407,0.0256,0.0161,0.0161,0.085
0,0,1.0656,-0.0035,0.0406,-0.0284,-0.0297,-0.0402,0.0217,0.0046,0.026,-0.0126,-0.0018,-0.0122,0.0145,-0.0363,-0.0087
0,0,0.9941,0.0184,-0.0148,-0.0189,-0.0258,0.0067,0.0102,0.0116,-0.002,0.0188,0.0345,0.0028,-0.0262,0.0018,-0.0113
0,0,1.0371,-0.0041,-0.0113,0.0021,0.0087,-0.0357,0.0061,-0.0155,-0.0153,-0.0095,-0.0048,0.0242,-0.0051,0.0219,0.0013
9,9,-0.0214,0.2661,-0.0263,-0.0112,0.082,-0.0718,0.0537,-0.1814,0.0661,0.6491,-0.0253,0.1363,0.0443,0.1146,-0.075
7,7,0.0908,-0.0102,0.0666,0.0526,0.0151,-0.0338,-0.0014,0.8615,-0.0297,0.0824,0.0134,-0.0894,-0.0076,-0.0051,-0.0047
0,0,0.7963,0.0226,0.0117,-0.0215,-0.008,0.2747,-0.0574,-0.0081,0.0316,-0.0105,-0.0155,0.0025,-0.002,-0.0179,0.0012
7,2,-0.0427,-0.0092,0.37,0.0209,-0.0879,0.1464,-0.1085,0.3108,0.135,0.2091,-0.0269,0.1347,0.0191,-0.0712,-0.0002
0,0,0.9139,-0.0043,0.0195,0.0316,0.0167,0.0875,-0.0179,-0.0238,-0.0208,0.0054,-0.0003,-0.0047,-0.0019,0.0036,-0.0042
0,0,0.8955,-0.0124,-0.0164,0.0627,0.0449,0.0722,0.0379,0.0728,-0.0086,-0.0466,-0.0157,0.0676,-0.1178,-0.0184,-0.0177
1,1,-0.0519,1.2238,-0.0319,0.002,-0.0595,-0.0409,-0.0207,-0.0114,0.0229,-0.0364,0.016,0.0209,-0.0361,-0.0186,0.0217
6,6,0.2513,-0.0304,0.067,-0.0399,0.039,-0.139,0.9936,-0.0566,-0.067,-0.0227,0.0404,0.0129,-0.0238,0.0222,-0.0465
0,0,0.8956,0.0171,-0.0157,0.0167,0.0707,0.0765,-0.0362,-0.0098,-0.0027,0.0111,0.0043,-0.0001,-0.0276,0.0003,-0.0001
1,1,-0.0372,0.9385,-0.0267,-0.0075,-0.0142,-0.0094,0.0339,0.0043,-0.0035,0.0877,0.0368,-0.0095,-0.0107,0.0149,0.0027
4,4,0.2999,0.0979,0.0547,-0.0353,0.4148,0.0196,0.1038,0.0176,0.0687,-0.0098,-0.0409,0.0104,-0.0171,0.0007,0.0151
0,0,0.9615,-0.017,-0.0025,0.0319,0.0504,-0.0498,0.0179,-0.0041,-0.0435,0.0234,-0.0015,-0.0081,0.0552,-0.0436,0.0299
1,1,-0.0975,0.7541,0.1133,0.0365,-0.0529,0.0969,-0.0025,0.0474,-0.0516,0.0675,0.0124,-0.0371,-0.0137,0.1209,0.0057
0,0,1.0317,-0.0229,-0.0069,0.0126,0.0073,-0.0794,0.0139,0.0029,0.0345,0.0203,0.0098,0.0038,0.007,-0.0279,-0.0068
0,0,1.0662,-0.0321,-0.0117,-0.0126,0.0006,0.0003,-0.0019,-0.0183,0.0153,-0.0054,0.0037,0.0128,0.0148,-0.0233,-0.0084
0,0,0.9264,-0.0014,0.0046,0.0058,0.004,0.0826,-0.003,-0.0072,0.0091,0.0023,0.0054,0.0133,-0.0282,-0.0116,-0.0023
8,8,-0.0356,-0.0453,-0.0053,-0.0246,0.0356,0.0459,-0.0093,0.0629,0.9581,0.1651,-0.0653,0.0717,-0.0345,-0.0993,-0.0201
4,4,-0.1074,0.0202,0.0435,-0.0753,0.7968,-0.0086,0.0909,0.2063,0.0404,-0.0388,0.0218,-0.0156,-0.0128,0.0252,0.0128
0,0,1.0633,-0.0007,0.036,-0.0248,-0.0159,-0.0263,0.0266,0.0205,-0.0046,0.0137,-0.048,-0.0349,0.0215,-0.0175,-0.0085
13,13,0.3183,-0.0283,-0.0448,-0.0508,0.0744,-0.0576,-0.0541,-0.0218,0.005,-0.0118,-0.0208,0.0124,0.0769,0.7893,0.0136
0,0,0.9593,-0.0084,-0.0114,-0.0073,0.014,0.0171,0.0016,-0.0052,-0.0238,0.0135,0.0014,-0.0101,0.0055,0.0554,-0.0019
8,8,0.0649,0.1758,-0.0981,-0.0344,0.1547,0.0065,0.0545,0.1187,0.5696,-0.021,0.0196,-0.0184,-0.0026,-0.0225,0.0325
0,0,1.0029,0.0073,0.0028,-0.0122,-0.0038,-0.0545,-0.0372,-0.0192,0.04,-0.0092,0.0265,0.0196,0.0063,0.0332,-0.0018
0,0,0.9072,-0.0104,-0.0301,-0.0288,0.0206,0.0175,0.0155,0.0021,0.024,0.0029,0.0077,0.0172,0.0166,0.0518,-0.0132
9,9,0.1414,-0.1056,-0.1116,0.1366,0.0707,-0.1776,0.0645,-0.0882,-0.0492,1.0284,0.0416,-0.0151,0.0507,-0.0026,0.0156
0,0,1.0545,-0.0052,0.0081,-0.0101,0.0103,-0.0435,0.0056,0.0046,-0.0079,-0.0031,0.0049,0.001,-0.017,0.0027,-0.005
11,11,0.1748,0.0313,0.1114,-0.0577,-0.1609,0.0826,0.0369,-0.0296,-0.0404,-0.0188,-0.0673,0.5078,0.4231,0.0447,-0.0371
10,10,-0.1807,0.1688,0.241,0.0713,-0.1167,0.1026,0.2134,-0.0982,0.0039,-0.175,0.7922,0.0275,0.0161,-0.0746,0.0105
0,0,0.9713,0.01,-0.0147,-0.0036,0.0253,-0.0148,-0.0329,-0.0001,0.003,0.0132,0.0188,-0.0121,0.0109,0.0236,0.002
0,0,1.05,0.0049,0.0039,0.0109,-0.0024,-0.0744,-0.0087,-0.0098,-0.0118,0.0008,0.0072,-0.0093,0.0365,-0.0145,0.0169
0,0,1.102,0.015,-0.0003,-0.0032,0.0027,-0.0604,-0.0151,-0.0097,0.0166,-0.0293,0.0004,0.0022,-0.0133,0.0015,-0.0087
0,0,1.0265,-0.0,0.0234,-0.0162,-0.0023,-0.0033,0.0171,-0.03,-0.0137,-0.0018,-0.0059,0.0039,0.0041,0.008,-0.0099
0,0,0.9805,0.025,0.0071,-0.019,-0.0254,-0.0404,-0.0085,0.0324,-0.0032,0.0028,0.0106,-0.012,0.0282,0.0063,0.0161
2,2,0.0644,0.0177,0.9166,-0.0043,-0.0802,-0.1155,-0.0322,0.0517,0.0759,0.0633,0.0278,-0.0358,0.051,-0.0222,0.0216
0,0,1.0457,0.0037,0.0006,0.001,-0.0324,0.0161,-0.0039,0.005,-0.0011,0.0011,-0.027,-0.0006,-0.0076,0.0006,-0.0012
0,0,0.98,0.0002,0.0062,0.0059,-0.0127,-0.0304,0.05,0.0093,-0.0024,-0.0043,0.0092,0.0091,0.0053,-0.0281,0.0028
2,2,-0.083,0.1244,0.8126,0.2409,-0.009,0.0328,0.011,-0.0157,-0.0392,-0.0481,-0.0177,0.0006,0.0112,-0.0269,0.0051
8,8,0.1343,0.0801,0.0325,-0.0116,0.0167,0.0348,0.0765,-0.0508,0.8634,-0.0512,0.0004,-0.0261,-0.0441,-0.0671,0.0124
4,4,0.0206,0.0539,0.0312,-0.0642,0.9322,0.0597,-0.0443,0.083,0.0033,-0.0333,-0.0063,0.0074,-0.0187,-0.0223,-0.0026
9,9,0.2279,0.0894,-0.0155,-0.0363,-0.0563,0.035,0.0282,0.0457,0.0559,0.5967,0.1103,0.0467,-0.0927,-0.0273,-0.0076
0,0,0.7732,0.0052,0.002,-0.0132,0.0677,-0.0499,0.0999,0.1206,-0.017,0.0088,-0.0129,0.0263,0.0008,0.049,-0.0596
0,0,0.9497,0.0177,-0.0309,0.0234,0.0099,-0.021,0.0237,0.0042,0.0204,-0.0013,0.008,-0.0085,0.0152,-0.0049,-0.0058
1,1,-0.1308,0.982,0.0141,-0.0045,0.0163,0.0119,0.0854,-0.0147,-0.0235,0.0556,-0.001,0.022,0.0041,-0.0231,0.0059
4,4,0.187,-0.0413,-0.1077,-0.0802,0.7295,-0.0534,0.1448,0.1234,0.0221,-0.0382,0.0267,0.1401,-0.0883,0.0084,0.0278
12,12,0.1828,-0.0281,0.0031,0.1951,-0.0621,0.0902,0.004,-0.0524,-0.0076,0.0077,-0.0293,-0.1003,0.7502,0.004,0.0441
0,0,0.8966,-0.015,-0.0073,0.0118,-0.0165,0.1121,0.0038,-0.0201,0.0089,0.0092,0.001,0.0026,0.0103,0.0116,-0.0089
0,0,1.0539,-0.0165,0.0031,0.0208,0.0356,-0.0513,-0.0091,-0.0091,-0.0383,0.0117,0.03,0.0016,-0.0208,-0.0029,-0.009
0,0,0.9768,0.0116,0.0101,-0.0064,-0.0193,0.0205,0.0301,-0.0195,0.0186,0.0266,-0.0407,0.0135,-0.0279,-0.0027,0.0083
0,0,0.9967,-0.0043,0.0009,0.0126,-0.0077,-0.0076,0.0141,-0.0042,0.0017,-0.0215,0.0171,-0.0042,-0.0062,0.0102,0.0023
13,13,-0.0679,-0.0396,0.0736,-0.0965,-0.1753,0.2227,0.1882,0.1039,-0.0243,0.2684,-0.124,-0.0677,-0.0239,0.7746,-0.0103
0,0,0.9692,0.0291,-0.0008,0.0402,-0.0163,0.0213,0.0133,-0.0041,-0.0324,-0.024,-0.0095,-0.0065,0.0214,0.0042,-0.0048
8,8,0.0164,0.0591,0.0243,-0.1074,0.0549,-0.0497,0.0021,0.0241,0.944,-0.0793,0.0322,-0.0593,0.0863,0.0608,-0.01
0,0,1.0606,0.0214,-0.0095,0.0058,-0.0328,-0.018,-0.0116,-0.019,0.017,-0.0187,-0.0217,0.0205,-0.0209,0.0299,-0.0032
0,0,1.041,0.0003,-0.0305,-0.029,0.0777,-0.0325,-0.0409,0.0046,0.0315,-0.0301,0.0297,0.0122,-0.0062,-0.0,-0.0278
0,0,0.9894,-0.009,-0.0087,0.0144,-0.0343,0.0122,-0.019,0.0161,0.0179,0.0038,-0.0057,0.0223,-0.0109,0.016,-0.0043
0,0,0.9778,-0.0033,-0.0084,-0.0073,-0.0158,0.0247,-0.0043,0.034,0.0194,0.0043,-0.0162,0.0092,-0.0012,-0.0219,0.0094
5,5,0.0353,-0.0203,0.0629,-0.0285,-0.0239,0.7297,0.0411,0.0986,0.0711,0.108,-0.0256,-0.0467,-0.0112,-0.0019,0.0111
0,0,1.019,-0.0004,-0.0181,0.0324,-0.0244,-0.0157,-0.0099,0.0218,-0.0034,-0.0047,0.0022,-0.0075,0.0274,-0.0205,0.0022
0,0,0.8613,0.0334,0.0097,0.0132,-0.067,0.1182,0.0514,-0.049,0.0246,-0.0199,-0.0607,0.0255,-0.0282,0.0565,0.0303
0,0,1.0346,0.001,0.0125,-0.0118,-0.0116,-0.0412,0.0305,0.007,-0.0088,-0.0044,-0.0095,0.0084,-0.0026,-0.005,0.001
0,0,0.6799,0.1661,0.0294,-0.0033,0.0209,-0.1096,0.1306,0.1326,-0.0225,-0.0434,-0.0236,-0.0044,-0.0064,0.0248,0.0293
0,0,1.0726,-0.0068,-0.0106,0.0159,-0.0124,-0.0615,0.0256,-0.0295,0.016,-0.0044,-0.0149,-0.0132,0.0061,0.0088,0.008
0,0,1.0711,0.0096,-0.0115,-0.0048,-0.004,-0.0813,-0.014,0.0204,0.006,0.0021,-0.0121,0.0009,0.0185,0.0036,-0.0044
0,0,1.0619,-0.0115,-0.0069,0.0068,-0.0007,-0.0227,0.0298,0.0011,-0.0057,-0.0351,-0.0129,0.008,-0.0028,-0.0171,0.0078
0,0,1.018,-0.0013,0.0041,-0.0001,0.0321,-0.0128,-0.0246,0.006,0.0059,-0.0113,-0.0019,0.0033,0.0085,-0.0172,-0.0086
0,0,1.082,-0.0013,0.0038,-0.0153,-0.0319,-0.0408,0.013,-0.0152,0.0316,0.0006,-0.0157,0.0041,-0.0074,-0.0091,0.0016
0,0,0.9499,0.0412,0.0059,0.0057,0.0308,-0.0134,-0.0267,-0.0146,-0.0062,-0.0287,0.0457,0.0103,-0.0029,0.0015,0.0014
3,3,-0.0322,0.055,0.0652,1.0132,-0.0153,-0.0806,-0.0154,0.0518,-0.0454,-0.0183,-0.032,0.0558,-0.0473,0.0092,0.0359
2,2,0.0621,0.0599,1.188,-0.0417,0.0668,-0.0791,-0.0152,-0.0187,-0.0704,-0.0803,-0.1372,0.0581,0.0086,-0.0283,0.0277
4,4,-0.0513,0.1061,-0.0181,0.0046,1.0489,-0.0437,0.0117,-0.0657,-0.0237,0.0432,-0.0714,0.0589,0.0036,-0.0134,0.0104
0,0,1.0031,-0.0155,-0.0183,-0.0011,0.0035,-0.0127,0.0056,0.018,-0.0188,-0.0001,0.0238,0.003,0.0194,-0.014,0.0039
0,0,0.925,0.0103,-0.0042,-0.0137,0.0409,0.0262,0.016,-0.0253,0.014,-0.0094,0.0106,-0.0097,0.01,0.0145,-0.0058
0,0,1.091,-0.032,-0.0167,-0.0136,-0.0234,-0.0578,0.0089,0.0086,0.0073,-0.0025,-0.0087,0.0078,-0.015,0.0457,0.0003
0,0,1.1106,-0.0116,0.0304,-0.0101,-0.0087,-0.0309,-0.015,-0.0078,0.0008,0.0186,-0.0176,-0.0058,-0.0178,-0.0308,-0.0042
0,0,0.9727,0.03,-0.0235,0.0231,-0.0043,0.0258,0.0231,-0.0094,0.0042,-0.0129,-0.0219,0.0131,-0.0277,0.0193,-0.0117
0,0,1.0509,0.0364,0.0036,0.0473,-0.0326,-0.0329,-0.0287,-0.0255,0.0032,-0.0054,0.008,0.0156,-0.0447,0.0032,0.0015
0,0,0.9685,-0.0022,-0.0029,-0.055,0.0736,0.0101,0.013,-0.0353,-0.0351,0.088,0.0248,0.0327,-0.0619,-0.0078,-0.0105
0,0,0.946,0.0096,0.0005,0.0159,-0.0363,0.0317,-0.0037,0.0194,0.0032,0.0166,0.0084,0.0033,0.0046,-0.017,-0.0019
0,0,1.0179,0.0157,-0.0117,0.0026,-0.0294,0.0354,-0.0006,-0.0145,0.0115,-0.0005,-0.0269,0.0259,-0.0214,0.0013,-0.005
0,0,0.8914,-0.0002,-0.0387,-0.0091,0.1163,0.0512,-0.0335,0.0051,-0.0544,-0.0096,0.0369,-0.0254,0.017,0.0761,-0.023
0,0,0.9779,-0.005,0.0296,0.0057,-0.0122,0.0171,0.0108,-0.0104,-0.0003,0.0164,-0.026,0.0049,-0.0027,-0.0162,0.0106
0,0,0.9798,-0.0422,0.0179,0.023,0.0163,-0.0031,-0.0256,0.0383,0.0124,0.0257,-0.017,0.0072,-0.0298,-0.0027,0.0
0,0,1.0687,0.0211,-0.0107,-0.0052,0.0026,-0.0365,0.0149,-0.0157,0.011,-0.0109,-0.0335,0.0034,0.0008,-0.0109,0.0007
1,1,-0.0493,0.8513,-0.008,-0.0146,-0.0355,-0.0475,0.1794,-0.0357,-0.0297,0.2185,-0.0306,0.0202,-0.0063,-0.0085,-0.0036
0,0,1.0145,0.0109,-0.0172,-0.0188,-0.0006,0.0317,-0.0168,0.0164,-0.0159,-0.0193,-0.0236,0.0226,-0.0033,0.0198,-0.0006
0,0,1.0615,-0.0062,-0.0088,-0.0012,0.0238,-0.0389,0.0175,-0.0091,0.0021,0.0003,-0.0372,0.0065,-0.0035,-0.0056,-0.0008
0,0,0.8695,-0.0156,-0.0316,0.0069,0.0879,0.0479,0.0279,0.0272,0.0066,0.0106,-0.02,-0.0145,0.0283,-0.0267,-0.0054
0,0,0.931,-0.0337,0.0022,0.0065,-0.0291,0.0875,-0.0225,0.0364,-0.008,0.016,0.0246,-0.005,-0.0249,0.0179,0.0012
0,0,1.0121,0.0976,-0.0302,0.0004,-0.0793,-0.0051,-0.0001,0.0142,-0.005,0.0186,-0.0282,0.0206,-0.059,0.055,-0.0117
5,5,-0.1063,-0.0391,-0.0312,-0.0175,-0.0783,0.9655,0.0836,0.0224,0.0219,-0.053,0.1032,0.0391,0.0969,0.0038,-0.0108
0,0,1.05,0.0169,-0.0129,-0.0022,-0.0037,-0.0613,0.0123,0.004,-0.0016,0.0016,-0.0111,0.0162,-0.006,-0.0051,0.0026
0,0,1.0065,0.0145,-0.0072,0.0143,-0.0212,-0.0213,0.0057,0.0241,0.0055,-0.0078,-0.0056,-0.0001,-0.0026,-0.0082,0.0033
9,9,0.0526,0.0684,0.067,0.0733,0.0295,-0.1027,-0.0442,0.0453,-0.112,0.9656,0.0341,-0.0889,0.0015,0.0101,0.0007
7,7,-0.0353,-0.0665,0.4335,-0.0313,-0.1327,-0.0779,-0.0718,0.7697,0.0714,-0.0532,0.1513,0.037,0.0037,-0.0348,0.036
2,2,-0.1865,0.2208,0.541,0.0559,0.2061,0.0923,0.0373,0.0665,0.0514,-0.0221,0.0528,-0.0985,0.0709,-0.0026,-0.0863
0,0,1.0504,-0.0099,0.0076,-0.0251,-0.0038,-0.014,-0.0258,0.0308,-0.0023,0.006,-0.0068,-0.0133,0.0126,-0.0078,0.0015
0,0,0.9568,0.0244,0.0188,-0.0099,0.0082,0.0411,-0.0098,-0.0086,-0.0159,0.0051,-0.0248,0.0185,-0.0063,0.0114,-0.0091
0,0,0.9605,0.0083,-0.0014,-0.0031,-0.0154,0.0683,-0.0045,0.0222,-0.0047,0.0236,-0.0488,0.0305,-0.0307,-0.0105,0.0053
0,0,0.8718,-0.0631,-0.0242,0.0204,0.0329,0.0687,-0.0313,0.034,-0.0007,0.0024,0.0723,0.0211,-0.0019,-0.0176,0.0147
1,1,-0.0274,1.1258,0.0016,-0.0164,-0.0138,-0.0154,-0.0719,0.027,-0.0223,-0.026,0.005,0.0127,0.0173,0.0014,0.0023
5,5,-0.0493,0.0041,-0.1003,-0.0323,-0.0375,0.7661,-0.005,0.0273,0.0497,0.0516,0.0641,0.0084,0.2672,-0.0355,0.0214
3,3,0.064,-0.0931,0.1329,0.5863,0.0936,-0.099,0.2887,-0.0548,-0.0442,0.003,-0.0036,-0.0017,0.0076,0.1309,-0.0116
2,2,0.0903,-0.0372,0.8316,0.1247,-0.0564,0.0483,0.0432,0.062,-0.024,-0.0218,-0.0106,0.0269,-0.0451,0.0214,-0.0538
7,7,0.0875,-0.0036,-0.0584,0.0568,0.1215,0.0532,0.0295,0.7415,-0.0306,-0.0312,-0.0247,-0.0293,0.06,0.0206,0.0064
0,0,0.9259,-0.031,0.0215,-0.007,0.0193,0.0241,-0.0406,0.0412,-0.0184,0.0302,0.0008,0.0057,0.0031,0.014,0.0119
0,0,0.9463,-0.0033,-0.0314,0.0428,0.0129,0.0051,0.0344,-0.0505,0.0276,-0.0032,0.0156,-0.0157,0.0353,0.0087,-0.0246
0,0,1.0058,0.0021,-0.0006,0.0205,0.0032,-0.0174,0.005,-0.0119,-0.0268,0.0203,0.0472,0.0175,-0.0448,-0.0189,-0.0014
0,0,1.0441,-0.0059,-0.0125,-0.0084,0.006,-0.0489,0.007,0.0198,-0.0084,0.0074,-0.0074,0.0001,-0.0009,-0.0075,0.0156
0,0,0.9387,-0.0207,-0.0162,0.0319,0.0836,0.005,-0.0199,-0.0429,-0.0099,-0.0219,0.0023,-0.0069,0.0263,0.0461,0.0046
0,0,0.9276,-0.007,0.0041,-0.002,0.007,0.0924,-0.0025,0.0008,-0.0117,0.0029,0.0007,0.0002,-0.0117,-0.0002,-0.0009
0,0,0.9956,0.0155,-0.0071,0.0486,-0.0115,-0.0045,-0.0064,-0.0306,0.0172,-0.023,0.024,-0.0005,-0.0148,-0.005,0.0023
0,0,1.045,-0.0106,-0.0127,0.0154,0.0123,-0.0277,0.0142,-0.0173,-0.0278,-0.0014,0.0389,0.0054,-0.0015,-0.0379,0.0056
0,0,1.0491,-0.0027,0.0036,-0.0177,0.0098,-0.0478,-0.0122,0.0179,-0.0027,0.0253,0.0056,0.0126,-0.0162,-0.0128,-0.0115
0,0,1.0765,0.0103,0.0171,-0.0099,-0.0226,-0.0324,-0.0056,0.0024,0.0139,-0.0244,-0.0161,0.0179,-0.0272,-0.0007,0.0008
0,0,1.086,0.0151,-0.0036,0.0361,-0.0569,-0.0632,0.0217,0.0153,-0.015,-0.0008,0.0176,0.0063,-0.0393,-0.0042,-0.0149
0,0,0.9861,0.0344,0.0019,-0.0154,0.0102,0.0229,-0.0088,-0.0044,-0.0037,-0.0226,-0.0228,0.0001,-0.0094,0.0312,0.0003
0,0,0.4933,-0.0169,0.0064,0.1503,0.0411,0.0844,-0.0099,-0.0581,0.1065,0.0272,0.0145,-0.0076,0.1072,0.0029,0.059
0,0,0.8636,0.0138,0.0025,0.0147,-0.0287,0.0843,0.0168,-0.0108,0.0212,-0.0053,0.0225,0.0047,0.0195,-0.0169,-0.0016
0,0,0.9677,-0.0065,-0.0122,0.031,0.072,0.0019,-0.0406,0.0114,0.0081,0.0173,-0.0129,-0.0034,-0.0276,0.0124,-0.0194
0,0,0.9452,0.001,0.1023,-0.0169,-0.0051,-0.0106,-0.0923,0.0378,0.0313,-0.0307,-0.0265,0.0604,-0.0467,0.0266,0.0243
0,0,0.9778,0.0015,-0.0175,-0.0162,0.0214,-0.0174,0.0055,-0.0061,-0.0054,0.0178,0.0212,-0.0016,0.0026,0.006,0.0106
0,0,0.9929,-0.0387,0.0081,-0.0301,0.0052,0.0403,0.0019,0.0117,-0.0115,0.0069,0.0018,-0.0123,0.0294,-0.0024,-0.003
0,0,1.0108,-0.0125,-0.016,-0.0082,0.0349,0.0009,-0.0053,-0.0267,0.0425,-0.0066,-0.0188,-0.0305,0.0431,-0.0384,0.0313
0,0,0.9245,-0.0348,0.0014,0.0611,0.0585,0.0107,0.0268,0.0039,-0.0282,-0.034,-0.0093,0.0085,0.0149,-0.0096,0.006
0,0,1.0051,-0.0075,-0.0261,-0.0056,0.0144,0.0364,-0.0121,0.023,-0.007,0.0194,-0.0026,-0.045,-0.0301,0.0345,0.0029
5,5,0.0785,-0.0553,0.005,0.0519,0.0462,0.839,-0.0626,-0.0323,0.0128,0.0395,-0.0397,0.0152,0.0576,0.0587,-0.0137
0,0,0.961,-0.0204,0.0063,-0.0095,-0.0476,0.059,-0.0036,0.0115,-0.0028,0.0277,0.0305,-0.0118,-0.0004,0.0113,-0.0113
0,0,1.0805,-0.0002,-0.0077,-0.0428,-0.0753,0.0476,-0.0047,-0.0003,-0.0006,0.0414,-0.0264,0.006,-0.022,0.0129,-0.008
1,1,0.027,0.9291,0.0056,-0.028,0.0312,0.0153,0.0228,-0.0049,0.0184,0.0047,0.0161,0.0026,-0.0308,-0.0088,-0.0003
0,0,0.8392,0.0095,0.004,0.0147,0.067,0.13,-0.0006,-0.0518,-0.024,0.0139,-0.0033,0.0194,-0.0054,-0.0128,0.0001
1,1,0.0266,1.1161,-0.0059,-0.059,-0.0561,0.0032,-0.019,0.0113,0.0825,0.0574,-0.0499,-0.0338,-0.0271,-0.031,-0.0152
0,0,0.9245,-0.0172,0.0173,0.0104,0.0141,0.0166,-0.0096,-0.0037,-0.0231,0.0385,0.0221,-0.0088,0.0197,-0.0077,0.0068
0,0,0.9758,-0.0059,0.0309,-0.0042,0.0266,0.0158,-0.0232,0.0065,-0.0164,-0.0007,-0.0199,0.0289,-0.0079,-0.0037,-0.0024
11,11,0.0679,-0.0046,0.1018,-0.0607,-0.0028,-0.1619,-0.0383,0.1537,0.0217,-0.0643,0.0289,1.0234,0.1558,-0.1666,-0.0545
0,0,0.9532,-0.021,0.0096,-0.009,0.0334,0.0135,0.0069,-0.0017,-0.0125,0.0288,0.0082,-0.0184,0.0109,0.0027,-0.0042
5,5,-0.1787,0.0445,-0.0771,0.0129,0.0805,0.7443,-0.0432,0.0041,0.0266,-0.0125,0.1744,-0.0209,0.1163,0.0383,0.0903
0,0,0.9647,-0.0351,-0.0149,0.0343,0.012,0.0554,0.0098,-0.011,0.0012,-0.0015,-0.0185,0.0051,0.0072,-0.0049,-0.0035
0,0,1.0309,0.0075,-0.0091,0.0057,-0.0241,-0.0002,0.0046,-0.0102,0.0035,-0.0072,-0.0212,0.0085,-0.0037,0.0136,0.0015
0,0,1.0384,0.0149,0.0229,-0.0012,0.0325,-0.0097,0.0005,-0.0136,0.011,-0.0095,-0.0369,0.003,-0.0253,-0.0135,-0.0136
4,4,0.0603,-0.017,0.0413,0.0345,1.1311,-0.0556,-0.0929,-0.0838,-0.0819,-0.0136,0.0084,-0.0236,0.0478,0.0358,0.0092
0,0,0.9285,0.0468,-0.0106,0.0151,-0.0048,0.0415,-0.0097,-0.0172,0.0231,0.0105,-0.043,-0.0158,0.0194,0.0279,-0.012
0,0,0.9657,0.0072,0.0211,-0.0134,0.0225,0.0863,-0.0261,0.0137,-0.0185,-0.0112,-0.006,-0.0152,-0.0251,0.0071,-0.008
2,2,-0.0015,-0.0249,0.767,0.0106,-0.0292,-0.0004,-0.0512,-0.0323,0.2744,0.0306,0.0173,-0.0473,0.0327,0.0068,0.0475
5,5,0.1912,-0.0294,0.0189,0.0394,0.0402,0.7178,-0.0748,-0.0116,-0.0094,0.0146,0.0219,0.0052,0.0799,0.0096,-0.0133
0,0,0.9122,-0.0201,0.0355,-0.0146,0.0072,0.0809,-0.0022,0.0234,-0.0329,-0.0089,0.0089,0.0137,-0.0347,-0.0057,0.0378
0,0,0.9337,0.0022,-0.032,0.0443,-0.0005,0.0639,-0.0212,-0.0105,-0.0221,0.0045,0.0169,0.0091,-0.0162,0.0367,-0.0082
0,0,0.9306,0.0227,0.0186,0.0874,-0.0562,0.0164,-0.0031,0.0014,-0.0519,-0.0086,-0.0315,0.0136,-0.005,0.0159,0.0503
0,0,1.0215,-0.0056,0.0093,-0.0045,-0.0034,-0.0403,0.0079,-0.0079,0.0081,-0.0068,0.0038,-0.0019,0.0116,0.0076,0.0005
12,12,0.0628,0.023,0.0919,-0.013,-0.0258,0.0871,-0.0846,0.0257,-0.0701,-0.0613,0.002,0.164,0.7064,0.1081,-0.0156
0,0,0.8866,0.0087,-0.0178,0.0171,0.0196,0.0635,0.0123,-0.0476,0.0184,-0.0165,0.0177,0.0029,0.0245,0.0083,0.0025
0,0,1.0166,-0.0517,-0.0065,0.0331,0.0446,-0.0003,0.0188,-0.056,-0.0305,0.0092,0.0088,-0.0143,0.0022,0.0311,-0.0059
0,0,0.9209,0.0043,-0.0088,-0.0203,0.0255,0.0411,-0.0092,0.0228,0.0025,-0.0086,0.0225,-0.0025,-0.0003,0.0115,-0.0012
0,0,1.0293,-0.0111,-0.009,0.0043,0.0084,-0.0621,-0.01,0.0079,0.0162,0.0111,0.0072,0.0018,0.0098,-0.0084,0.0048
0,0,1.043,-0.0099,0.0106,-0.0152,-0.0103,-0.0499,0.0118,0.0039,0.0075,-0.0012,0.02,0.0026,0.0009,-0.0162,0.0024
3,3,-0.0984,-0.0455,-0.1162,1.0075,0.0084,0.2201,-0.0296,0.1357,0.0273,0.051,-0.0415,-0.0554,-0.0442,-0.017,-0.0019
0,0,0.8661,-0.0246,-0.0148,0.0601,0.041,0.0496,-0.023,0.0154,-0.0123,-0.0023,-0.0308,-0.0043,0.0325,0.0271,0.021
0,0,0.9402,0.0151,0.0004,-0.0133,-0.0404,0.014,-0.0138,0.0415,0.0407,-0.0054,0.0208,0.0018,0.0008,-0.0003,-0.0021
0,0,0.9979,-0.0044,0.0063,0.0102,0.0433,-0.0407,0.0071,-0.0366,0.0063,-0.0018,0.0263,-0.0308,0.021,0.0008,-0.0056
0,0,0.917,0.0202,0.0057,0.0164,0.0137,0.0532,-0.0228,0.022,-0.0232,-0.0147,0.0017,-0.0064,0.027,-0.0084,-0.0012
0,0,0.9962,0.0527,-0.013,0.0248,-0.0516,-0.0138,0.0229,0.0436,-0.0274,0.006,0.0462,0.0306,-0.0581,-0.0386,-0.0215
0,0,1.0358,0.0152,0.0173,0.0174,-0.0421,-0.0315,0.0152,-0.0106,-0.0146,-0.0036,-0.0004,0.0017,-0.0105,-0.0058,0.0158
10,10,-0.0552,-0.0526,0.0488,-0.0161,-0.069,-0.103,-0.0128,-0.0154,0.0547,0.0222,1.1385,-0.0471,0.0758,-0.0626,0.0938
0,0,0.9067,-0.0098,-0.006,0.0149,0.0079,0.0698,0.0149,-0.0023,-0.0109,-0.0186,0.0329,0.0047,-0.0246,-0.0029,0.0236
0,0,1.0299,-0.0003,0.0097,-0.0037,0.034,-0.0288,-0.0203,-0.0479,0.0156,0.0185,-0.0125,-0.0069,0.0144,-0.011,0.0094
0,0,1.0519,0.0121,-0.0082,0.0413,-0.0157,-0.0384,-0.007,-0.0047,0.0136,-0.0004,-0.0085,0.0075,-0.0523,0.0263,-0.0178
0,0,0.9129,-0.0091,-0.0054,-0.0024,-0.0284,0.1113,0.011,0.0027,0.0109,0.0171,-0.0196,-0.0112,0.0261,-0.018,0.0018
0,0,0.9643,-0.011,0.0066,-0.0089,-0.0451,0.05,-0.0248,0.031,0.0123,-0.0074,-0.0113,0.0144,0.0015,0.0236,0.0053
2,2,0.0081,0.0357,0.8825,0.0911,-0.0109,0.0136,-0.0382,-0.1006,-0.0006,-0.0093,0.0163,0.042,0.0442,0.0193,0.0063
3,3,-0.0993,0.0065,0.0057,1.0264,0.0732,0.0243,-0.0314,-0.0863,0.0514,0.0277,-0.0003,-0.0156,0.0377,-0.0104,-0.0086
0,0,0.919,-0.0287,-0.006,0.0351,-0.0324,0.0114,0.0149,0.1176,0.0162,0.0169,-0.0702,0.0294,-0.0123,-0.0171,0.0063
0,0,1.0238,-0.0162,0.0062,-0.0262,-0.0029,0.0125,0.0028,0.0089,-0.0112,-0.0062,0.0001,0.0089,0.0039,-0.0057,0.0015
6,6,-0.0791,-0.0024,0.108,-0.0278,0.0621,0.0039,0.5111,-0.0165,-0.0779,0.2642,0.0706,-0.0424,0.0102,0.2102,0.0073
0,0,1.0278,-0.0102,-0.0048,-0.0143,0.0007,-0.0415,-0.0008,0.0102,0.0154,-0.005,0.0196,0.0081,0.0094,-0.0155,0.0011
0,0,0.982,0.0046,-0.0137,0.0093,0.0218,0.0252,0.0048,-0.0162,0.0011,-0.0049,-0.0057,-0.0076,-0.0025,0.0043,-0.0028
0,0,0.989,-0.048,0.0155,-0.0209,-0.0324,0.0812,0.0159,-0.0002,-0.0131,-0.019,0.0046,-0.0336,-0.0046,0.0294,0.0359
0,0,0.4549,0.046,0.0409,-0.0837,0.1293,0.1299,-0.0156,0.0336,-0.0381,0.0738,0.0948,-0.0138,0.1317,0.0083,0.0095
0,0,0.978,-0.0207,0.002,0.0295,0.0213,0.025,0.036,-0.0263,-0.0239,-0.0162,0.0144,0.0029,-0.0044,-0.0157,-0.0017
0,0,0.987,0.0502,-0.0045,-0.0015,-0.0363,-0.0315,0.0061,-0.0229,0.0477,0.012,-0.0062,0.0037,0.0079,-0.0004,-0.0111
0,0,1.0301,-0.031,0.0145,0.0264,0.0124,-0.0135,0.019,-0.0039,-0.0408,0.0048,-0.0279,0.0117,-0.0136,0.0005,0.0106
0,0,1.0035,-0.0155,-0.021,0.0722,-0.045,-0.0546,0.0559,-0.0055,-0.0086,-0.0299,0.0014,0.0069,0.0539,-0.0141,0.0001
0,0,1.0558,-0.0358,0.0176,0.0113,-0.0201,-0.0037,0.0102,-0.0009,0.0105,0.0092,0.0074,0.0003,-0.0242,-0.0345,-0.0033
0,0,1.0199,-0.0048,-0.0081,0.0065,-0.0214,0.0355,-0.0047,-0.0292,-0.0152,0.0347,0.0216,0.0085,-0.0349,-0.013,0.0046
0,0,0.9857,0.002,-0.0091,-0.0245,0.0117,-0.0402,-0.0041,0.029,0.011,0.0103,0.039,-0.0073,-0.0029,-0.0014,0.0008
0,0,1.0398,-0.0191,-0.0077,0.0019,-0.0114,-0.0535,-0.0494,0.0238,0.0045,0.0592,0.0218,0.0108,-0.0207,-0.002,0.0018
0,0,1.1064,0.0574,-0.0137,0.0657,-0.0341,-0.0039,-0.0098,-0.0327,0.0209,-0.0411,-0.051,-0.0126,-0.0093,-0.0241,-0.0175
0,0,1.0455,0.0086,-0.0052,-0.0035,-0.005,-0.035,0.028,-0.0118,-0.0218,-0.0116,0.0161,-0.0125,0.0065,0.0135,-0.0125
0,0,1.047,0.011,-0.0074,0.0065,-0.0744,0.0371,0.031,-0.0449,0.035,0.0103,-0.0569,0.0226,-0.0348,0.0372,-0.0192
1,1,-0.0415,1.108,-0.0022,0.0244,-0.0397,0.0627,0.0394,-0.003,-0.018,-0.0346,0.0132,0.0215,-0.1004,0.0126,-0.0417
0,0,1.0618,-0.0001,-0.0044,-0.0073,-0.0256,0.0266,0.0054,-0.0015,-0.0054,-0.0111,-0.0197,0.0137,-0.003,-0.0166,-0.013
0,0,0.9192,0.0072,0.0164,-0.0066,0.0353,0.0514,0.0132,-0.0017,0.0035,0.0006,-0.0371,0.0003,-0.0221,0.0129,0.0076
0,0,1.0808,-0.0207,-0.0138,-0.0012,-0.0003,-0.0205,-0.0078,0.0047,-0.0216,0.0127,0.0072,-0.0213,-0.0016,0.008,-0.0049
2,2,-0.0469,0.0307,1.0395,0.0311,-0.085,0.0108,-0.0202,0.0286,0.015,-0.0767,0.0675,0.0285,0.0122,-0.0391,0.0036
0,0,0.958,-0.0137,0.0296,0.0176,0.03,0.0248,-0.0181,-0.0211,-0.0263,0.0495,-0.0155,-0.0163,0.0206,-0.0096,-0.0095
3,3,-0.0025,-0.04,0.0164,1.0512,0.0165,0.0115,-0.0558,-0.0675,0.1475,-0.0192,0.0102,-0.0316,-0.0288,0.007,-0.0153
1,1,-0.0735,1.0654,-0.0115,-0.0242,0.0239,0.0078,0.0212,-0.0285,0.0085,-0.0299,0.02,0.0169,0.0158,-0.0161,0.0043
1,1,-0.1195,0.9474,-0.0108,0.0479,-0.0139,0.0897,0.0518,-0.0598,0.1155,0.0409,-0.0351,-0.0306,-0.0465,0.0142,0.0097
0,0,1.1064,-0.0075,-0.0132,0.0367,-0.0145,-0.0268,0.0052,-0.0274,-0.0158,0.0045,-0.0116,0.0079,-0.0341,-0.0198,0.0096
8,8,0.0435,-0.0079,0.2243,0.1852,0.0072,-0.0597,-0.0947,0.0103,0.6701,-0.0485,0.0214,-0.0246,0.0385,0.0191,0.0146
0,0,1.0027,-0.0571,0.012,0.0048,0.0077,0.042,0.0304,-0.0115,-0.0303,-0.0425,-0.0094,0.0292,0.0455,-0.0117,-0.0111
0,0,1.0355,0.0403,0.0079,-0.0044,-0.0001,-0.0066,-0.0491,0.0017,-0.0356,0.0121,0.0002,0.0155,-0.0074,-0.0057,-0.0041
0,0,0.901,0.0073,0.0071,0.0101,-0.0054,0.1097,-0.0382,0.0224,0.0054,0.0071,-0.0192,-0.0007,-0.0147,-0.0018,0.01
0,0,1.0092,-0.0122,0.0195,0.0094,-0.0085,0.0274,-0.0156,-0.0081,-0.0067,-0.0071,0.0229,-0.009,-0.0091,-0.0094,-0.003
0,0,0.8799,-0.0229,0.1199,-0.0527,-0.0338,0.0179,0.0192,0.0894,-0.0655,-0.0363,-0.0149,0.0525,-0.0302,0.0456,0.0315
0,0,1.0386,0.0154,0.0178,-0.0247,0.0084,-0.0336,-0.0211,0.0174,0.0053,-0.028,0.0068,-0.0182,0.0013,0.0048,0.0096
0,0,0.9963,-0.0118,0.0066,-0.0093,-0.0154,-0.0012,0.0032,0.019,-0.0082,-0.0111,-0.0072,0.0019,0.0287,0.0043,0.0042
0,0,0.9792,0.0098,-0.0051,0.0228,-0.0217,0.0302,0.0048,-0.0049,0.0031,0.0023,-0.0245,0.0114,-0.0103,0.0018,0.0011
0,0,0.9743,-0.0719,-0.0231,0.0016,0.0029,0.0197,0.0502,0.0292,-0.0175,0.0007,0.0099,-0.025,0.0178,0.0446,-0.0127
1,1,-0.0231,1.0856,0.0373,-0.0158,-0.0937,0.0014,-0.0192,0.0199,-0.0167,0.0541,0.0118,0.0026,-0.0331,-0.0057,-0.006
0,0,1.0516,-0.0084,0.0002,0.0007,0.002,-0.058,0.0216,0.0119,0.0025,0.0016,0.0056,-0.0175,-0.0022,-0.0078,-0.0039
0,0,0.8378,0.0032,0.0205,0.0156,-0.0233,0.1189,0.0264,-0.027,0.0146,-0.0022,0.0231,0.0074,0.0013,-0.009,-0.0069
0,0,1.0668,-0.0066,-0.0047,0.0156,-0.0049,-0.028,-0.0261,0.0253,0.002,0.0136,-0.006,-0.0186,-0.0045,-0.0242,0.0
0,0,1.0977,-0.0287,-0.0004,0.0105,-0.0182,-0.072,0.0381,-0.0028,-0.0126,0.0262,0.014,0.0087,-0.0216,-0.0263,-0.0131
0,0,0.9391,0.0066,-0.0361,0.0875,0.0077,0.0454,0.0099,-0.0281,-0.0162,-0.008,0.0025,-0.0126,-0.0121,0.0127,0.0013
8,8,-0.0326,0.022,-0.1161,0.2159,0.0041,-0.0555,0.0978,-0.0385,0.54,0.0804,0.0453,0.0643,-0.0234,0.1933,0.0034
4,4,0.0291,0.1689,0.0542,-0.0081,1.0062,-0.1052,-0.0869,-0.0293,-0.0499,0.018,0.0025,-0.02,-0.034,0.0331,0.0213
0,0,1.0786,0.0026,-0.0073,0.005,-0.0397,-0.0108,-0.0158,0.0054,-0.006,-0.0111,-0.0182,0.0304,-0.0036,-0.0128,0.0034
1,1,-0.0377,1.0652,0.0146,-0.0105,0.0013,0.0019,-0.0183,-0.0372,-0.0068,0.04,0.0122,-0.0155,0.0104,-0.0051,-0.0139
0,0,0.9616,-0.0043,0.0076,-0.0109,-0.006,0.0624,-0.019,0.0079,0.0203,0.0043,0.0111,-0.0075,0.0002,-0.0259,-0.002
0,0,1.0224,-0.0001,0.0059,0.025,0.0202,-0.0168,-0.0135,-0.0195,0.0208,-0.0079,-0.0165,0.0121,-0.0166,-0.0123,-0.004
0,0,1.0097,-0.0198,0.0313,0.0105,0.0553,-0.0099,-0.0277,-0.0066,-0.0261,-0.0129,0.0233,-0.0031,-0.0121,-0.0065,-0.005
0,0,0.9556,0.0125,0.0141,-0.0103,0.0352,0.0037,0.0006,0.0185,0.0033,-0.0036,0.0125,-0.015,-0.0072,-0.0115,-0.0077
1,1,0.0564,0.9927,0.0428,-0.0362,-0.0619,-0.0607,0.0474,-0.0019,0.0237,-0.0483,0.0364,0.0363,0.0351,-0.0297,-0.0317
0,0,0.9996,0.0026,0.004,-0.0164,-0.0317,0.0543,0.0029,-0.0314,0.0158,0.0158,0.0,-0.0173,-0.0132,-0.0017,0.0162
1,1,-0.0477,1.1185,0.0435,-0.004,-0.0003,0.0159,-0.0808,0.0019,-0.0026,-0.0393,-0.0262,-0.0153,0.041,0.0038,-0.0089
0,0,0.9834,0.0191,-0.0058,-0.0089,0.0219,-0.0458,-0.02,0.0018,-0.0106,0.0104,0.012,0.0083,0.0099,0.0216,0.0028
0,0,1.0519,0.0219,-0.0147,0.0121,0.0014,-0.0257,0.0032,-0.0176,0.003,-0.0057,-0.009,0.005,-0.0102,-0.0263,0.0108
0,0,0.9556,0.0078,-0.0171,0.0073,0.036,-0.0048,-0.0187,0.0015,-0.0264,0.028,0.0253,-0.023,-0.0159,0.0292,0.0152
0,0,1.0597,-0.0311,0.0031,-0.0362,0.0095,-0.0813,0.0137,0.0075,-0.0142,0.0222,0.0294,-0.009,0.0231,0.0107,-0.0073
0,0,1.1077,0.012,0.0057,-0.0352,-0.0445,-0.0843,-0.0168,0.0088,-0.0049,-0.0239,-0.0204,-0.0031,0.0649,0.0242,0.0105
8,8,0.0842,0.0688,-0.0439,-0.0018,0.1092,0.0681,0.2018,0.051,0.6623,0.0548,-0.0805,-0.0179,-0.0401,-0.108,-0.0077
0,0,1.0417,-0.0184,-0.0051,-0.007,-0.0146,-0.0505,0.0066,-0.003,0.0309,0.0181,-0.008,0.0101,0.0071,-0.0073,-0.0007
5,5,0.4213,-0.0696,0.0403,-0.0409,-0.0917,0.6293,0.0012,0.0391,-0.0059,0.0333,-0.0037,0.0072,-0.0537,-0.0086,0.1018
0,0,1.0396,-0.0274,0.1012,-0.0434,0.0111,-0.0359,-0.0488,-0.0361,0.0107,-0.0116,0.0279,0.0236,0.0448,-0.0773,0.0228
0,0,0.8409,-0.0081,0.0368,0.0615,-0.0103,0.072,0.0141,0.0194,-0.0049,0.016,0.0031,-0.0055,0.0233,-0.0195,-0.0389
0,0,0.9765,-0.0016,0.0379,-0.0111,-0.0122,0.0246,-0.0226,0.0348,-0.0033,-0.0218,0.0095,0.0077,-0.0058,-0.0129,-0.0001
1,1,0.104,0.9424,0.031,0.0364,0.0295,-0.0435,-0.0698,0.049,-0.0445,-0.0181,-0.0073,0.039,0.0116,-0.0431,-0.0168
0,0,1.0173,0.0306,-0.0125,0.0061,0.0194,-0.0348,0.0095,-0.0025,0.0018,-0.0203,-0.0064,-0.0028,0.0045,-0.0108,0.0008
0,0,0.8998,-0.0122,-0.0181,0.0037,-0.0047,0.1292,0.0168,0.0026,-0.0058,0.0115,-0.0014,0.0016,-0.0283,0.0058,-0.0004
0,0,0.948,-0.0221,-0.001,-0.0303,0.0231,0.0459,0.0127,0.013,0.0013,-0.0001,-0.0097,-0.0314,0.0783,-0.0168,-0.0109
3,3,-0.0794,0.0256,0.0781,0.753,-0.0002,0.0093,0.0456,-0.1296,0.3286,0.1118,-0.0185,-0.0327,-0.0544,-0.0081,-0.0293
0,0,0.9786,-0.0109,-0.0032,0.0046,-0.0332,0.0464,-0.006,0.0121,-0.0025,0.0143,-0.023,0.0106,0.0075,0.0064,-0.0014
11,11,0.1587,-0.0139,0.1176,0.2915,-0.0345,0.0257,-0.0114,0.0759,-0.0325,-0.0704,-0.1551,0.6755,0.1096,-0.0925,-0.0451
3,3,0.2457,0.0754,0.024,0.615,0.0928,-0.0707,-0.0066,-0.0383,-0.0738,0.0591,0.027,-0.0664,0.0625,0.0469,0.0061
0,0,1.0598,0.0042,-0.0363,0.0042,0.0038,-0.069,-0.019,-0.0266,0.0175,0.0029,0.0247,-0.0071,0.0175,0.0153,0.0079
0,0,0.9252,0.0027,-0.023,0.033,0.0391,0.0398,-0.0338,0.0163,0.0039,-0.0315,0.0258,-0.0353,0.0207,0.0092,0.0077
0,0,1.0385,-0.071,0.006,-0.0397,-0.0118,-0.03,-0.0003,-0.0031,0.0315,0.0558,0.0362,-0.0197,0.0228,-0.0231,0.0079
9,9,0.029,-0.0284,-0.0059,0.1361,-0.0115,0.0379,-0.1294,-0.0457,-0.0126,1.0058,-0.0332,0.1652,0.0087,-0.0978,-0.019
0,0,0.9177,0.0119,0.0165,-0.0118,-0.0249,0.0711,0.0216,-0.012,0.0127,-0.0136,-0.0176,-0.0002,0.0269,0.0007,0.0011
5,5,0.0673,0.0529,0.0022,0.2791,0.0249,0.6012,-0.1062,0.0233,0.0204,-0.0393,0.0357,0.0515,0.028,-0.0691,0.028
0,0,0.8455,0.0371,-0.0062,0.0033,0.0512,0.144,-0.0236,-0.0174,0.0054,0.0032,-0.0192,-0.0316,0.01,0.005,-0.0062
0,0,1.0208,-0.0047,0.0044,-0.0173,-0.0063,-0.0305,0.0295,0.0005,0.0232,-0.0153,-0.0056,-0.0057,0.0216,-0.0058,-0.0089
0,0,1.0114,-0.0029,0.012,-0.0083,-0.0198,0.0339,-0.022,0.0047,0.0041,0.0182,0.0157,0.0191,-0.0341,-0.0438,0.0117
0,0,0.9879,0.0284,0.0074,0.0076,0.039,-0.0568,-0.006,0.006,-0.0641,-0.0178,0.0693,-0.0274,-0.0053,0.0351,-0.0039
0,0,0.9463,0.0117,-0.0161,0.0153,0.0246,-0.0079,-0.0168,-0.0206,0.0213,-0.0082,0.0129,-0.0044,0.0371,0.0114,-0.0068
0,0,0.9632,-0.0131,-0.03,0.0054,0.011,-0.0152,0.0076,0.0005,-0.0317,-0.004,-0.003,-0.0057,0.0405,0.0436,0.0312
0,0,1.0326,-0.0102,0.0041,0.0104,-0.0173,-0.0373,0.0213,-0.0143,0.0134,0.0083,-0.0054,-0.003,-0.0011,-0.0088,0.0072
4,4,0.3108,0.0666,0.0003,0.035,0.4219,0.0271,0.0426,0.172,0.0043,0.0357,-0.1055,-0.0246,-0.0922,0.0268,0.0796
0,0,1.0555,-0.0165,0.0003,0.0018,0.0133,-0.0391,0.0085,-0.0102,0.0192,0.0049,-0.0043,-0.0023,-0.0085,-0.0238,0.0012
0,0,1.0567,-0.0127,-0.0119,0.0091,-0.0182,-0.036,0.0239,0.0034,-0.0009,-0.0136,0.0027,0.0082,0.009,-0.0133,-0.0062
0,0,0.9238,-0.0234,-0.0041,0.0471,-0.0186,0.0106,-0.0072,0.0766,-0.0252,0.0061,-0.0089,0.0132,-0.0109,0.0225,-0.0012
0,0,0.968,0.0131,-0.0216,-0.0126,-0.0118,0.0582,0.0044,-0.0169,0.0078,0.0076,0.0064,-0.0063,-0.013,0.0099,0.0067
0,0,1.0919,-0.0296,0.0186,0.0158,-0.005,-0.0979,0.0136,-0.0065,-0.0404,-0.0148,-0.0181,0.0011,0.0364,0.02,0.0149
11,11,0.4266,-0.0105,0.0218,-0.0266,0.0543,0.0483,0.0923,-0.056,-0.0706,-0.0439,-0.0837,0.5574,0.0892,0.0026,-0.0008
1,1,-0.0507,0.9642,0.0004,0.003,0.1315,-0.0112,-0.0237,-0.0448,-0.0119,0.0003,0.0244,-0.0194,0.0599,-0.0307,0.0084
9,9,-0.0805,0.0085,0.0747,-0.06,0.048,0.0148,0.145,0.0824,-0.1157,0.8585,-0.041,0.0052,-0.0105,0.0612,0.0103
1,1,-0.0808,0.9041,0.0149,0.0004,0.1008,-0.0287,0.0879,-0.0505,-0.0034,0.0127,0.0394,-0.0092,0.0083,0.0079,-0.0036
0,0,1.0111,0.0045,0.0035,-0.0177,0.0194,-0.0303,0.0063,-0.0119,0.0266,-0.0172,0.0075,-0.0156,0.0189,0.0039,-0.0088
8,8,0.0759,0.0406,0.1718,-0.1249,0.0426,-0.0616,-0.0898,0.3567,0.4813,0.0492,-0.0347,-0.0194,0.026,0.0617,0.0238
0,0,1.0491,-0.0075,-0.0059,-0.0125,-0.0194,-0.0261,-0.0024,0.0038,0.0095,0.0157,-0.0159,0.0087,-0.0023,-0.0087,0.0143
0,0,1.0297,-0.0117,-0.0029,0.0066,0.0307,-0.0543,0.0273,0.0112,-0.0013,-0.0217,-0.0009,0.0007,-0.0039,-0.0184,0.0088
0,0,0.9663,-0.0133,-0.0084,0.028,-0.021,0.0429,0.0162,-0.0226,-0.021,0.0121,-0.0289,0.0051,0.0021,0.0384,0.0039
0,0,0.9829,0.0082,-0.0052,0.0049,-0.0021,0.033,0.0249,-0.0186,0.0177,-0.0181,-0.015,0.0042,-0.0064,-0.0118,0.0014
1,1,-0.0433,0.8501,0.0141,0.0355,-0.099,0.0033,0.0835,0.0737,0.0721,0.1495,-0.0317,-0.032,-0.0481,0.0074,-0.035
0,0,1.075,-0.0136,0.0237,0.0232,-0.0063,0.0195,0.0049,-0.0004,-0.0184,-0.0098,-0.001,-0.0321,-0.024,-0.0475,0.007
0,0,1.0962,0.0238,0.0271,0.0208,-0.0239,0.04,-0.0512,-0.0152,-0.0179,-0.0333,-0.0386,0.0065,-0.013,-0.0203,-0.0007
0,0,1.0737,0.0017,-0.0172,-0.0164,-0.0101,-0.0522,-0.0107,0.0014,0.011,0.0037,-0.0136,0.0117,-0.0011,0.0017,0.0166
8,8,0.0032,-0.0909,0.2686,-0.0688,-0.02,0.0052,0.0137,-0.0429,0.9261,0.1553,-0.0232,-0.0574,0.0302,-0.0985,-0.0003
0,0,1.0365,-0.015,-0.0014,-0.0198,0.0148,-0.0191,0.0028,-0.0092,0.001,0.0007,0.0157,-0.0112,0.0084,-0.0037,-0.0008
0,0,0.9992,0.0075,0.0165,-0.0048,0.0148,-0.0372,-0.027,0.0268,-0.0229,0.0018,0.0079,-0.012,0.0357,-0.0025,-0.0036
0,0,0.8029,-0.0133,0.0357,-0.0133,0.1486,0.0361,0.0569,-0.0108,-0.0456,0.0002,0.0257,-0.048,0.0544,-0.0043,-0.0254
0,0,1.0053,0.0031,0.0098,-0.0004,0.0183,-0.0197,0.0032,-0.0012,-0.0028,-0.0029,-0.0145,0.0038,-0.0017,-0.0075,0.0072
0,0,1.0384,-0.014,0.0088,-0.0105,0.006,-0.0568,0.0073,0.0065,0.015,-0.0172,0.0158,0.0017,0.0099,-0.0015,-0.0094
0,0,0.932,-0.0676,0.0035,0.0489,-0.056,0.0583,0.0167,0.0018,0.0601,0.046,0.0034,-0.0151,0.0039,-0.0294,-0.0067
2,2,0.1014,0.0727,0.8029,0.0314,-0.0721,0.0192,0.0058,-0.0306,0.0064,-0.0212,-0.0135,0.003,0.0011,0.0965,-0.0032
3,3,0.204,-0.0525,-0.1188,0.7483,0.0349,0.0354,-0.0332,0.3399,-0.0124,0.0408,-0.0217,-0.0864,-0.04,-0.0393,0.0023
0,0,0.9335,-0.0068,0.0061,0.0025,0.039,0.0347,0.0035,-0.0033,-0.0097,0.0001,-0.017,-0.0115,0.0014,0.002,0.0253
0,0,0.9856,0.0108,-0.004,0.0059,0.0435,0.0091,-0.0446,-0.0195,-0.0276,-0.021,-0.0155,0.0004,0.0416,0.0351,0.0003
0,0,0.9804,-0.0124,-0.0156,-0.0072,0.0158,0.0248,-0.0011,0.0049,0.0163,-0.0175,-0.0086,0.006,-0.0092,0.0034,0.0199
1,1,-0.0499,1.0513,-0.0817,0.0213,0.0214,-0.1365,0.0057,0.0591,-0.0011,-0.077,0.0689,-0.0308,0.081,0.0098,0.0572
0,0,1.0202,-0.0106,0.0047,0.0111,0.0234,-0.0142,-0.0082,-0.0044,-0.0354,0.0208,0.0295,0.0155,-0.0365,-0.0173,0.0019
0,0,1.0096,0.0048,-0.0088,-0.0114,-0.0239,0.0235,-0.0203,-0.0065,-0.0131,0.0448,0.0081,0.0076,-0.0181,-0.0053,0.0089
0,0,0.7402,-0.0179,0.0027,0.0363,-0.0376,0.3749,-0.0357,0.0418,0.002,0.0376,-0.0482,-0.0216,-0.0107,-0.0441,-0.0197
0,0,0.8774,-0.0218,-0.0068,-0.0144,-0.0861,0.1713,0.006,0.0474,0.0047,-0.0149,-0.0621,0.0588,-0.0,0.0123,0.0278
0,0,0.9732,0.0254,-0.0041,-0.0176,-0.0016,0.0578,-0.0136,-0.0296,-0.0122,0.0043,0.0145,-0.0051,0.0088,0.0084,-0.0084
3,3,0.3008,0.0259,0.0439,0.7082,0.1121,-0.1814,0.0437,0.1124,-0.1136,0.0676,0.064,-0.088,-0.0047,-0.0124,-0.0772
0,0,1.0434,-0.0172,-0.0141,-0.0171,0.0187,-0.0237,0.0111,0.0139,-0.0142,0.0097,-0.0045,0.0093,-0.0244,0.0035,0.0059
0,0,0.9787,0.0043,0.0047,-0.0164,-0.0228,0.055,0.0142,0.019,-0.0083,0.004,-0.0056,0.0026,-0.0037,-0.0163,-0.0095
7,7,0.0481,-0.0196,0.0258,-0.0726,0.0644,-0.0013,0.1343,0.8399,0.0243,-0.0123,0.012,-0.046,0.0132,0.0164,-0.0269
0,0,1.0163,-0.0085,0.0159,-0.0066,-0.0296,0.038,-0.0145,0.0269,-0.0126,-0.007,-0.001,-0.0075,-0.0061,0.0022,-0.0059
0,0,1.0018,-0.0001,-0.0068,0.0099,0.0109,-0.013,-0.0036,0.0122,0.0023,-0.0318,-0.0085,0.0155,0.0235,-0.0081,-0.0038
0,0,0.9577,-0.016,0.012,-0.0012,-0.0033,0.0549,0.0135,-0.0082,-0.0147,0.0011,0.0233,-0.025,0.0167,-0.0179,0.0073
0,0,0.9778,-0.0045,-0.0396,-0.0119,0.0099,0.0319,0.0372,0.0167,-0.0206,-0.01,-0.0012,0.0093,-0.0088,0.0163,-0.0025
0,0,0.99,0.0054,0.0073,0.0171,-0.0073,0.0052,-0.0099,0.0004,0.0024,0.0082,-0.0091,-0.0092,0.0069,-0.01,0.0028
0,0,1.007,0.0112,-0.0138,-0.0219,0.0134,0.0073,-0.0029,0.0067,0.0011,-0.0087,-0.0126,0.002,-0.0016,0.0076,0.0052
5,5,0.1503,-0.0441,0.0093,-0.0072,-0.0115,0.7463,-0.0128,0.0116,0.0185,-0.0047,0.022,-0.0042,0.0819,0.0086,0.0357
0,0,1.0049,0.0048,0.0151,-0.0317,-0.0317,0.0355,-0.0128,-0.0059,0.031,-0.0024,-0.0131,0.0196,-0.0251,0.0083,0.0033
0,0,0.9422,0.0245,-0.0288,0.0184,0.0172,0.0123,0.0106,-0.0206,0.0101,0.0092,-0.0051,0.0307,-0.0253,0.0134,-0.0092
0,0,1.0706,0.0023,0.0044,0.0115,-0.0167,-0.01,-0.0124,-0.0334,-0.0136,0.0308,-0.0052,0.0334,-0.0398,-0.0099,-0.0123
6,6,0.0512,0.1496,0.0295,-0.049,-0.0595,-0.215,0.8793,0.0309,-0.0205,0.0602,0.069,0.0288,-0.0513,0.094,0.0022
12,12,-0.1737,0.0443,0.1049,-0.1354,-0.0211,0.2418,-0.0411,0.0396,-0.0503,-0.023,0.2469,0.0027,0.7142,0.0695,-0.0191
0,0,0.8915,-0.0232,-0.0221,0.0413,-0.0054,0.0985,-0.0059,0.0285,-0.0355,0.0084,0.0201,-0.0019,-0.0175,0.0374,-0.0146
0,0,1.0824,0.0441,0.0452,-0.0414,-0.0906,-0.1209,-0.0189,-0.0119,-0.0013,-0.0709,0.0131,0.0644,0.0868,0.0198,-0.0003
0,0,1.0753,0.0147,0.0106,-0.0094,0.0014,-0.0795,0.0154,0.0061,0.0065,-0.0252,-0.0051,0.0093,0.0008,-0.0354,0.0148
0,0,1.0837,0.0003,0.0304,-0.0262,-0.0099,-0.0683,0.034,-0.0259,0.0089,-0.031,0.0109,0.0085,0.0095,-0.0205,-0.0043
11,11,-0.1074,0.1578,0.0297,0.0231,0.1266,-0.0057,0.0537,-0.0689,-0.0733,0.0178,-0.0184,0.6308,0.1725,0.0847,-0.0239
8,8,-0.0288,0.1074,-0.0662,-0.0703,0.2658,-0.0587,0.0076,0.1356,0.7334,-0.0797,0.0618,0.0986,-0.0459,-0.0897,0.0299
6,6,-0.0579,-0.0701,0.0954,0.0441,-0.0467,0.1232,0.9707,0.0583,-0.1112,-0.0122,0.0816,0.013,-0.0619,-0.0124,-0.0138
0,0,1.0522,0.0315,0.0028,-0.0121,-0.0148,-0.0327,-0.0115,0.0075,0.0135,-0.0136,-0.0113,-0.0054,0.0006,-0.0112,0.0047
0,0,1.0377,0.0243,-0.0061,0.0007,0.0067,-0.0174,0.0159,-0.0137,-0.0098,-0.0099,-0.0106,0.0108,-0.04,0.0159,-0.0041
5,5,-0.1289,0.0106,-0.0698,0.0554,0.0316,1.0566,-0.0625,-0.0059,-0.0202,0.0766,0.0718,-0.008,0.0186,-0.0191,-0.0059
0,0,0.9365,-0.0811,0.0171,0.0199,0.0483,-0.0955,0.0712,0.0088,-0.0046,-0.0049,0.1108,-0.0184,0.0091,-0.01,-0.0078
0,0,1.0069,-0.0097,0.0223,-0.0151,-0.0085,-0.0052,0.0144,0.0176,0.0002,-0.0175,0.0305,-0.0166,0.0052,-0.0203,-0.0045
1,1,0.0435,0.8774,-0.0219,0.0037,-0.0247,-0.0565,0.0891,0.0162,-0.0113,-0.024,0.0286,0.0359,-0.006,0.0189,0.031
5,0,0.5391,0.0024,0.0485,0.0255,0.0283,0.3704,-0.0575,-0.0051,0.0419,-0.0053,-0.013,0.0126,0.0041,-0.0148,0.0227
1,1,-0.0701,1.2074,-0.0236,0.0159,0.0119,-0.0166,-0.0377,-0.0267,0.0025,-0.0785,0.0342,-0.0062,0.018,-0.037,0.0061
0,0,0.9038,-0.0306,-0.0349,0.0073,0.0656,0.0503,-0.0174,0.002,-0.0139,0.0775,0.0243,-0.0062,-0.0302,-0.0148,0.0168
4,4,-0.1733,0.0043,-0.0289,-0.0145,0.9467,-0.0176,0.0904,-0.0096,-0.0269,-0.0268,0.0315,0.2216,0.0088,-0.0713,0.0653
0,0,0.9227,-0.0088,0.0142,-0.0383,0.0078,0.0891,0.0496,-0.0275,0.011,0.0087,-0.0262,-0.0166,0.0055,-0.0203,0.0294
0,0,0.7847,-0.0425,-0.0297,0.0175,0.142,-0.0715,0.0387,-0.0896,0.0467,0.0276,0.0727,-0.0256,0.0497,0.0625,0.0166
0,0,0.9929,-0.016,-0.0184,-0.0077,-0.0135,-0.0054,0.0284,0.0079,0.013,-0.0211,-0.0046,0.0187,0.0276,-0.0014,-0.0004
0,0,1.0219,0.0123,-0.0089,-0.0025,0.0046,-0.0035,0.0091,-0.0035,0.0037,-0.0158,-0.0066,-0.0015,-0.0057,-0.0055,0.0023
0,0,1.0532,-0.0251,0.008,0.0166,0.0002,-0.0289,-0.0056,0.0201,-0.0038,0.023,-0.0223,-0.017,-0.0045,-0.0156,0.0018
2,2,-0.1178,-0.0009,0.9478,-0.0252,0.0246,0.0174,0.072,0.0048,0.0084,0.1495,0.0259,0.0156,0.01,-0.1024,-0.03
0,0,1.0054,-0.0117,-0.0014,0.0121,-0.0078,-0.0118,0.0109,-0.0083,0.0057,0.007,-0.0052,0.003,0.0056,-0.0003,-0.0033
0,0,0.9757,-0.0071,-0.0111,-0.0108,-0.0398,0.005,0.0509,0.011,0.0092,0.0001,0.0012,-0.0373,0.0416,0.0207,-0.0093
0,0,1.0504,-0.0429,-0.0445,-0.0023,0.0219,0.002,-0.0471,-0.048,0.051,-0.0082,0.0196,0.0192,0.0051,0.0438,-0.02
6,6,-0.0705,-0.0006,0.0257,0.0427,-0.0106,0.0746,0.9526,-0.0351,-0.0048,-0.009,0.0258,-0.0241,-0.023,0.0472,0.0091
3,3,0.1807,-0.0509,-0.0167,0.7771,0.036,-0.0858,0.0449,0.1848,-0.058,0.0185,0.0297,-0.0212,0.0189,-0.0385,-0.0193
0,0,1.023,-0.003,-0.0149,0.003,0.0131,-0.026,-0.0078,0.0043,0.009,0.0173,-0.0095,0.0016,-0.0225,-0.0002,0.0125
0,0,0.8273,-0.014,-0.0055,0.0287,0.0072,0.1918,0.0242,-0.0001,-0.0158,0.0103,-0.0209,-0.0142,-0.0052,0.0011,-0.0148
9,9,0.1588,-0.1373,-0.076,0.0089,0.0381,-0.0651,0.1279,-0.0378,-0.0678,0.8665,-0.0957,0.0109,0.1293,0.1882,-0.0485
7,7,-0.1124,-0.0059,0.0417,0.0062,-0.0073,0.077,-0.0589,1.0678,0.0471,-0.0078,0.0141,-0.0153,-0.0217,-0.0289,0.0043
8,8,-0.0253,-0.0049,-0.0908,-0.157,0.105,0.0535,0.0445,0.1979,0.8585,-0.0436,-0.0475,0.0996,-0.006,-0.0236,0.0401
0,0,0.975,-0.0067,-0.0256,0.0229,0.0613,-0.0232,-0.0151,0.0227,-0.0191,0.0005,0.0019,-0.0302,-0.0041,0.0287,0.0109
0,0,0.9886,0.0115,0.0232,-0.0266,-0.0564,-0.0474,-0.0264,0.007,-0.0027,-0.0146,0.0622,0.0423,0.0497,0.0007,-0.0114
0,0,0.885,-0.0046,-0.013,0.0013,0.0206,0.0481,-0.0103,0.004,0.0058,0.052,-0.0181,0.0034,0.0211,-0.0055,0.0101
0,0,1.0116,-0.0223,0.0027,0.0233,-0.0192,-0.0046,0.011,-0.0086,-0.0215,-0.0141,-0.0044,0.0198,0.02,0.012,-0.006
4,4,0.1079,-0.0069,-0.0673,-0.0184,0.8957,0.0288,-0.0568,0.0197,0.0606,-0.051,0.0025,-0.0053,0.0151,0.0305,0.0441
4,4,-0.1328,-0.0946,-0.0101,-0.0584,1.2358,-0.0465,-0.0754,0.0648,0.0334,-0.0393,-0.0186,0.0281,0.0613,-0.0093,0.0613
0,0,1.1273,-0.0264,0.0054,0.0141,-0.0009,-0.081,-0.0,-0.0115,-0.0104,-0.0097,0.0296,0.0003,-0.0121,-0.0119,-0.0134
0,0,1.0486,0.0106,-0.0082,-0.0117,-0.011,-0.0433,-0.0148,0.0098,-0.0013,-0.0011,0.0247,0.0066,-0.0044,0.0042,-0.0091
0,0,0.91,0.2285,0.0141,0.0163,-0.0836,-0.0256,-0.0097,0.0104,-0.0152,0.0017,-0.0479,-0.0194,0.0081,0.0246,-0.0121
0,0,1.0646,-0.0112,-0.0088,-0.0057,-0.029,-0.0162,0.0292,-0.0057,-0.0003,-0.0191,0.0171,0.0143,-0.003,-0.0407,0.0146
0,0,1.1032,-0.0206,-0.0094,0.0016,-0.0017,-0.0612,0.001,0.0118,0.0048,-0.0088,-0.0189,0.0093,-0.0195,0.0002,0.0082
0,0,0.7228,0.0231,0.0075,-0.0114,0.0113,0.093,0.0288,-0.0219,0.0438,0.0465,0.0365,-0.0285,-0.0003,0.0477,0.0008
0,0,0.9339,0.0267,0.019,0.0105,-0.0017,0.0731,-0.0351,-0.0282,0.0342,-0.0274,-0.0182,-0.0019,-0.0027,0.0036,0.0138
0,0,0.8788,0.036,-0.0055,-0.0311,-0.0115,0.118,0.0471,0.0165,-0.0099,-0.0036,-0.0342,-0.0134,0.0021,0.0108,0.0001
4,4,0.0137,0.0832,0.0094,0.0096,0.6657,-0.0026,0.0439,0.1427,0.0745,-0.0168,0.009,-0.0288,-0.0271,-0.0096,0.0326
1,1,0.0283,1.1407,-0.0568,-0.0514,-0.0959,-0.0122,-0.0218,0.0147,0.1438,-0.0449,-0.0144,-0.013,-0.0031,-0.0053,-0.0098
0,0,0.9571,0.0439,-0.0132,-0.0194,-0.0125,0.0011,-0.0094,-0.0059,0.0345,-0.0129,-0.0239,-0.0068,0.0327,0.0116,0.0223
0,0,0.8981,0.0234,-0.0557,0.012,-0.0055,0.0405,-0.0124,-0.0034,0.0196,0.0046,0.0082,0.0065,-0.0024,0.0369,0.0302
0,0,1.0329,0.0207,-0.0142,0.0115,0.0392,-0.0345,-0.0009,-0.0328,0.0067,-0.0106,-0.02,0.0166,-0.006,0.0124,-0.0211
0,0,1.0071,-0.0182,-0.0176,0.0182,-0.0231,-0.0285,0.0218,0.0159,-0.0034,-0.0088,0.0107,0.0077,0.0226,-0.0,-0.0042
0,0,0.8088,0.0093,0.0353,-0.0365,-0.0315,0.0115,0.0473,0.0345,0.0098,0.001,0.0281,0.0142,0.022,-0.0029,0.0495
0,0,1.0325,-0.0222,-0.0013,0.0082,-0.0011,-0.0515,0.0206,0.0121,-0.0078,0.0025,0.021,0.0011,0.0027,-0.0026,-0.0142
0,0,0.9826,-0.0084,-0.0098,0.0046,-0.0212,0.0397,0.0119,-0.0152,0.0156,-0.0234,-0.0186,0.0099,0.0181,0.0104,0.0038
0,0,1.0098,0.012,0.0307,-0.0039,-0.0188,-0.0061,0.0333,-0.0272,-0.0106,0.0008,-0.0133,-0.0199,0.0182,-0.0168,0.0119
13,13,0.1065,0.027,0.0128,-0.0907,0.0157,-0.1433,-0.0218,0.0135,0.0667,0.0639,0.0678,-0.0543,0.105,0.8188,0.0132
0,0,0.911,0.0401,-0.0044,0.0071,-0.0277,0.0643,-0.0427,-0.0017,0.0361,-0.0185,0.0272,-0.0121,-0.0235,0.0516,-0.0061
0,0,0.928,0.0057,-0.0172,-0.0146,0.0546,0.0908,0.0183,-0.005,0.0242,-0.0371,-0.0194,-0.016,0.0175,-0.0181,-0.0115
0,0,0.9681,-0.0267,-0.0128,0.0444,-0.0705,-0.045,-0.0231,0.0279,-0.0065,-0.0066,0.0816,0.0272,0.0175,0.0129,0.0111
5,5,-0.0289,-0.0103,-0.0618,-0.0317,-0.0728,0.8961,0.0355,0.0195,0.0286,0.0182,0.1864,0.0035,-0.014,0.0376,-0.007
0,0,0.9891,-0.0414,-0.0169,0.0306,0.0157,-0.0552,-0.0121,-0.0135,-0.0106,0.033,0.0191,-0.0026,0.0389,0.0109,0.0154
0,0,1.0318,0.0293,0.0165,-0.0194,-0.0519,0.0129,-0.0109,0.0105,-0.0207,-0.0197,0.0088,0.0104,-0.0315,0.0233,0.0099
0,0,0.9306,-0.0037,0.0053,-0.0055,0.0133,0.0214,0.0001,-0.0147,-0.0017,-0.0037,0.0103,0.0053,0.0281,0.0066,0.0088
4,4,-0.1966,-0.0714,-0.0351,-0.0025,1.1931,0.0883,-0.0283,-0.0024,0.0373,0.0413,-0.0425,-0.0283,0.067,-0.0173,-0.003
0,0,1.0423,0.0402,-0.0074,-0.0037,-0.0225,0.006,0.0137,-0.0139,-0.006,-0.0057,-0.0155,-0.0048,-0.0081,-0.0194,0.0047
0,0,1.0018,-0.0092,0.007,-0.0081,0.0282,0.0149,0.0257,0.0301,0.0029,-0.0101,-0.0438,0.0193,-0.0268,-0.0377,0.0061
0,0,1.0225,0.001,0.0766,-0.0054,-0.0451,-0.0017,-0.0113,-0.0081,0.0041,0.0303,-0.0277,0.0034,-0.0266,-0.0217,0.0097
0,0,1.0223,-0.0048,-0.0129,-0.0125,0.0177,-0.0062,-0.0201,-0.0029,0.0011,-0.0027,0.0135,0.0064,-0.0074,0.0014,0.0072
0,0,1.0891,0.0305,0.0173,-0.0525,-0.0289,-0.0901,0.0072,0.0192,0.0115,-0.0508,0.0273,0.0093,-0.0294,0.0234,0.016
0,0,0.9401,-0.0122,0.0148,0.0095,0.0121,0.052,0.0149,-0.036,0.0345,-0.0022,-0.0485,0.014,0.0227,-0.0211,0.0059
0,0,1.0759,-0.0128,0.0107,-0.033,-0.0083,-0.0014,-0.0162,0.0147,0.0077,0.0092,-0.0256,-0.0227,0.0331,-0.0232,-0.0078
0,0,1.0111,0.0003,-0.0215,0.0012,-0.0069,0.0059,0.0194,-0.0074,-0.0095,0.0096,-0.0105,0.0014,0.0149,0.0118,-0.0197
0,0,1.0613,0.0025,0.0002,0.0061,-0.0176,-0.0004,-0.0098,-0.0148,-0.0326,0.0321,0.0488,0.0006,-0.0473,-0.0314,0.0023
0,0,1.0909,0.0256,-0.0148,-0.0434,-0.0018,-0.0775,-0.0142,0.0086,-0.0005,-0.0137,0.0024,-0.0044,0.0304,0.0135,-0.0012
0,0,0.947,-0.0296,0.015,0.023,0.0022,0.0263,0.0354,0.0569,-0.0206,-0.0107,-0.049,0.0281,-0.0345,0.0,0.0109
0,0,1.0853,-0.031,-0.0179,-0.0015,-0.0569,-0.014,0.0156,-0.0122,0.0053,-0.0088,0.0012,0.0598,-0.0427,-0.0189,0.0373
0,0,1.0215,0.0244,0.0018,-0.0193,-0.0017,0.0012,-0.0331,0.0098,-0.003,0.0088,-0.0141,-0.0042,-0.0095,0.0159,0.0014
0,0,1.0134,-0.0081,0.0095,-0.028,0.021,-0.0269,0.0049,-0.0009,0.0088,0.0056,0.0082,-0.0094,0.0154,-0.008,-0.0055
0,0,0.9121,0.2583,0.0262,-0.0396,-0.0956,-0.017,-0.0454,-0.0575,-0.0048,0.0637,-0.0187,0.0936,-0.0432,-0.0218,-0.0101
0,0,1.0497,0.0183,-0.0031,0.023,-0.0248,-0.0089,-0.001,-0.0326,0.0209,0.0107,-0.0219,-0.0077,0.0155,-0.0275,-0.0112
0,0,0.9972,-0.0005,-0.0193,-0.0075,0.0013,-0.0327,0.0374,-0.0113,-0.0006,-0.0109,0.0331,0.011,0.0136,-0.0068,-0.0043
0,0,1.0229,0.0193,0.031,-0.0066,0.0215,-0.0165,0.0041,0.0129,-0.0061,0.0122,-0.0548,-0.0197,0.0101,-0.0399,0.0096
2,2,0.0408,0.0017,1.1249,-0.0087,-0.0158,-0.0729,-0.0323,-0.0389,-0.0285,-0.0269,-0.0087,-0.0148,-0.0102,0.0659,0.0247
0,0,0.9326,-0.0099,-0.0364,-0.0258,-0.0375,0.0329,0.0366,0.0013,0.0353,-0.031,-0.0177,0.0083,0.1333,-0.0225,0.0005
0,0,0.9826,-0.0156,-0.013,-0.025,0.0378,0.0351,-0.0012,0.0123,0.0037,-0.0076,0.0171,-0.0238,-0.0151,-0.0034,0.0164
0,0,1.0231,-0.0123,-0.0007,0.0057,-0.0017,-0.0202,0.0082,-0.0042,-0.0096,-0.0009,0.0006,0.0066,-0.0014,0.0099,-0.003
0,0,0.9482,-0.0082,-0.0114,0.0214,0.0149,0.1026,0.0071,0.0075,-0.0002,-0.0125,-0.0379,-0.0095,-0.013,-0.0068,-0.002
13,13,0.1242,-0.0551,0.1192,0.1,0.0615,0.2875,0.0818,0.0607,-0.0663,0.0262,-0.0626,-0.014,-0.0119,0.3521,-0.0037
2,2,-0.0091,-0.0064,1.239,-0.0907,-0.0558,0.0155,-0.0061,-0.1335,0.0246,0.0264,-0.0173,-0.013,0.0311,-0.0046,-0.0005
0,0,1.0545,-0.0028,0.0249,0.0001,-0.0199,-0.0336,0.0271,-0.0053,0.0018,-0.0218,-0.0198,-0.0114,0.0148,-0.0168,0.0081
0,0,0.9165,0.0106,0.006,0.0043,0.0049,0.1209,-0.01,-0.0128,0.002,0.0054,-0.0331,0.0066,-0.0022,-0.0006,-0.0184
0,0,0.9678,-0.0104,-0.0119,0.0054,0.0147,-0.0042,-0.009,0.024,0.0038,-0.0034,-0.0079,-0.0051,0.0163,0.0038,0.0162
0,0,0.9903,0.0244,-0.0131,0.0013,0.0154,-0.0083,-0.0222,-0.006,-0.0125,0.0036,-0.0035,0.0074,-0.0036,0.0253,0.0016
1,1,0.2251,0.7642,0.0329,-0.094,-0.0404,-0.0532,0.0887,0.0487,-0.0127,-0.0413,-0.0085,-0.0127,0.0525,0.0187,0.0317
3,3,0.0552,-0.0008,-0.0533,1.0579,-0.0056,-0.0056,-0.0084,-0.0541,0.1223,0.0278,-0.0201,-0.0351,-0.0196,-0.0161,-0.0438
0,0,0.8516,0.0003,0.0455,-0.0294,-0.0089,0.1779,0.0193,-0.0251,0.0336,-0.0062,-0.011,-0.0208,-0.0097,-0.0102,-0.0074
0,0,1.0325,0.0368,0.028,0.0132,-0.0447,0.0043,0.0066,-0.0451,-0.0155,0.0258,0.0028,-0.0197,-0.0064,-0.0011,-0.0179
0,0,1.0341,-0.0185,-0.0267,0.0033,0.0272,-0.0337,-0.0113,0.002,-0.0117,0.0019,0.0196,-0.0133,0.0257,-0.0096,0.0114
0,0,1.0289,0.0283,0.0191,0.0016,-0.0239,0.006,0.0026,0.0286,-0.0104,-0.0559,-0.0414,0.0249,-0.0123,0.0101,-0.0063
0,0,1.0216,-0.0664,0.0531,-0.0048,0.0003,-0.0136,0.0048,0.0015,0.0025,-0.0251,0.0009,0.0449,-0.0198,-0.0044,0.0042
0,0,1.0611,0.0084,-0.0054,-0.0334,-0.001,-0.0714,0.0087,0.0022,-0.0052,0.0079,0.03,0.002,-0.0059,0.0018,0.0002
0,0,0.7801,-0.0325,-0.0351,0.0241,0.0399,0.1443,0.0242,-0.0379,0.0294,-0.0034,0.004,0.0321,-0.058,0.1005,-0.0123
0,0,0.8847,-0.0099,-0.027,-0.0396,-0.025,0.1007,-0.0116,0.0107,0.0129,0.0182,0.0337,-0.0117,0.0249,-0.0018,0.0413
0,0,0.9931,-0.009,-0.009,0.016,-0.0044,0.0174,0.0042,0.0064,0.0087,-0.0038,-0.0034,-0.005,-0.0084,-0.0139,0.0111
12,12,0.3914,0.0428,-0.0019,0.0392,-0.0504,0.1604,-0.0008,0.0025,0.0322,-0.0317,-0.0323,0.0076,0.4867,-0.0331,-0.0131
0,0,1.0589,-0.0033,-0.0099,0.0015,0.0001,-0.0013,0.0214,0.0063,-0.0008,-0.0049,-0.0331,-0.0157,-0.0087,-0.0086,-0.0019
6,6,0.0948,-0.0185,0.1539,0.0872,-0.0376,-0.0469,0.7772,-0.1137,0.023,-0.0468,0.0928,-0.025,-0.035,0.0201,0.0749
7,7,-0.0784,0.1581,0.0277,0.1174,-0.0716,0.0736,0.0202,0.6649,0.0415,-0.0338,0.0539,-0.0093,-0.0047,0.0094,0.0296
0,0,1.0128,0.0238,-0.0131,0.002,0.0112,-0.0384,0.0164,-0.0233,-0.0262,0.0145,0.0065,-0.0051,0.0206,0.0047,-0.0061
0,0,0.8772,0.0238,0.0796,0.0089,0.0906,0.0388,-0.0049,-0.0238,-0.0632,0.0097,0.0046,-0.0291,-0.0128,0.018,-0.0171
2,2,0.0025,0.0111,0.7993,-0.0488,-0.0815,-0.065,0.0216,0.0079,0.1821,-0.0248,0.2017,-0.0212,0.0944,-0.056,-0.0224
4,4,0.0122,0.1095,0.0751,-0.0053,1.0027,-0.1039,-0.0622,-0.0515,-0.0046,0.0763,0.0115,-0.0107,-0.0307,-0.0036,-0.0148
0,0,1.0674,0.0184,0.0126,-0.0049,-0.0551,-0.0147,-0.0024,-0.0164,0.0196,-0.0203,-0.0165,0.0283,-0.0034,-0.0275,0.0152
0,0,1.0803,0.0071,0.0218,-0.0347,0.0138,-0.0234,-0.0175,0.0021,-0.0137,-0.0128,0.0119,-0.0045,-0.0283,-0.0051,0.0034
0,0,1.0074,-0.0094,0.024,0.0083,-0.0101,0.0036,0.0312,-0.0279,-0.0076,0.0173,-0.0047,-0.0141,-0.0093,-0.0071,-0.0021
0,0,0.9365,0.0175,-0.0032,0.0034,0.0051,0.0141,0.0107,-0.0007,0.0102,-0.0126,-0.0099,0.0131,0.0014,0.0206,-0.0062
0,0,1.0332,-0.0014,0.0053,-0.0227,-0.0201,-0.013,0.0016,-0.0054,-0.0052,0.0039,-0.0022,0.0025,0.0079,0.0093,0.0064
0,0,1.0273,0.0125,0.0074,-0.0101,-0.0171,-0.0132,-0.0086,0.0103,0.0083,0.0021,-0.0241,0.0093,-0.0027,0.0028,-0.0043
0,0,1.0255,0.0025,0.0395,-0.0333,-0.0088,0.0137,0.0026,-0.0225,-0.0236,0.0059,-0.0389,0.0157,0.0129,-0.0033,0.0123
0,0,1.0692,-0.028,0.0098,0.0073,-0.0574,-0.0508,-0.0027,0.0146,-0.0356,-0.0007,0.003,0.0137,-0.014,0.058,0.0136
0,0,1.0138,-0.1081,0.014,-0.0083,0.0256,-0.0043,-0.0234,0.0576,-0.0306,0.0695,0.009,-0.0159,0.017,-0.0263,0.01
0,0,0.9879,0.0026,-0.0032,-0.0114,-0.0081,-0.0133,-0.0125,0.0202,0.0215,-0.0064,0.0057,-0.0069,0.0229,0.0016,-0.0005
0,0,0.9813,0.0178,0.0006,-0.0205,0.0459,0.0196,0.0109,-0.0084,-0.0013,-0.0238,-0.0079,-0.001,-0.0137,0.0027,-0.0024
0,0,0.9824,0.0021,-0.0297,-0.0256,-0.0114,-0.0325,0.0328,-0.0041,0.0036,-0.0343,0.0232,0.0263,0.0577,0.0027,0.0067
0,0,0.9211,-0.0229,0.0304,-0.0177,-0.0198,0.1052,-0.0067,-0.0049,0.0321,0.0009,0.0058,-0.0065,-0.0187,-0.0189,0.02
4,4,0.1834,-0.0438,0.0259,-0.1053,0.8731,-0.128,-0.1302,0.2373,0.0008,0.0774,0.0472,-0.0632,0.0038,0.0145,0.009
0,0,0.9982,-0.0139,0.0015,0.0136,-0.0175,0.05,-0.0046,0.0067,-0.0069,0.0055,-0.0143,0.0085,-0.0084,-0.0068,-0.0116
0,0,0.9876,-0.0182,-0.0235,-0.0082,-0.0078,0.0435,-0.0147,0.0223,0.0183,0.0072,-0.0147,0.0052,-0.0029,-0.0045,0.0109
7,7,-0.0127,0.0716,0.0279,0.0402,0.0744,-0.0064,-0.0331,0.9515,-0.0039,0.0087,0.0178,-0.0943,-0.0063,-0.0105,-0.0253
0,0,0.9701,-0.0171,0.0023,0.0067,-0.0147,0.0553,0.0127,0.0248,-0.0159,0.0057,-0.0308,-0.003,-0.0118,-0.0014,0.0173
2,2,-0.0222,0.037,0.9536,-0.0146,-0.0353,0.1538,-0.0003,-0.1061,0.0384,0.0304,-0.0084,-0.0023,-0.0231,-0.0849,0.0844
0,0,0.9862,0.0296,0.012,-0.0143,-0.0082,0.0085,-0.0382,0.0213,-0.0188,0.0069,0.0199,-0.0062,-0.0243,0.0109,0.0139
0,0,0.8739,0.0026,-0.0291,0.0289,0.0743,0.0458,0.0022,-0.0433,0.0471,0.0048,0.0079,0.0322,-0.0352,-0.009,-0.0033
3,3,0.1863,-0.0402,0.0229,0.9345,0.0827,0.0135,0.0206,-0.0142,-0.0619,-0.0552,0.0448,-0.0381,0.0172,-0.0616,-0.051
0,0,1.0183,0.0033,-0.0018,0.0004,-0.0111,0.0014,-0.013,0.0036,-0.0107,0.0201,-0.0153,-0.0128,0.0132,-0.0029,0.0073
0,0,1.0827,-0.0148,-0.016,0.0203,-0.0252,-0.0298,0.0154,0.0136,-0.0091,-0.0175,-0.0011,0.0083,-0.0207,0.0058,-0.0121
13,13,0.2208,0.0319,0.0783,-0.0572,0.0894,0.2258,0.0112,-0.0367,0.0191,0.0252,0.0917,0.0252,-0.0331,0.3091,-0.0007
0,0,1.0335,0.0097,0.0129,-0.0129,-0.0108,0.0063,-0.0035,0.0063,-0.0131,-0.0042,-0.0064,-0.0026,-0.015,-0.0154,0.0151
0,0,0.9584,0.0139,0.0423,0.016,-0.0636,0.009,0.0988,0.0067,-0.0158,-0.0215,-0.0335,-0.0151,0.037,-0.0329,0.0
0,0,0.9143,-0.0046,-0.0049,0.0167,0.0163,0.0056,0.0109,-0.0226,0.0114,0.0035,0.0381,0.0193,0.0044,0.0017,-0.0097
0,0,0.9045,0.0138,-0.0124,0.0163,0.0856,0.0055,-0.0226,0.0084,0.0029,0.0079,0.004,-0.0261,-0.0079,0.0273,-0.0066
0,0,1.0023,0.0253,-0.0092,-0.0295,-0.0036,-0.0327,-0.008,-0.0105,0.0037,0.026,0.0172,-0.0119,0.0225,0.0021,0.0063
0,0,1.0449,-0.0383,0.0352,-0.0489,0.0706,-0.0629,0.0305,0.0085,-0.0202,-0.0151,-0.0002,-0.0024,-0.0132,0.0029,0.0089
0,0,1.0322,0.003,0.0153,-0.0009,0.0256,-0.1037,-0.0132,-0.0089,0.006,-0.002,0.0142,0.0086,0.0448,-0.0205,-0.0004
0,0,0.9871,0.012,0.0123,0.0312,0.0455,-0.08,0.002,-0.0017,0.0083,-0.0118,-0.0008,-0.0192,0.013,-0.0026,0.0047
0,0,1.05,0.0046,0.0156,-0.0039,-0.0296,-0.0292,0.0111,-0.0214,0.0082,0.0051,-0.0215,0.0107,0.0011,-0.0161,0.0153
0,0,1.0156,-0.0288,0.0131,-0.0071,-0.0041,-0.003,0.0183,0.0103,-0.0048,-0.001,0.014,-0.0,-0.0028,-0.0149,-0.0052
0,0,1.0219,-0.0179,0.0091,-0.0058,-0.0365,-0.0388,-0.0047,-0.0066,0.0092,0.0297,0.01,0.0201,0.0331,-0.0222,-0.0011
0,0,1.0033,-0.0069,-0.0358,-0.0064,-0.0062,0.0237,-0.0071,0.0013,0.0254,0.0012,0.0005,-0.008,0.0147,-0.0042,0.0043
0,0,0.911,0.0227,-0.0069,0.0154,0.0055,0.0779,-0.0151,-0.0082,-0.0214,-0.0275,0.0158,-0.0036,-0.0149,0.0461,0.0029
0,0,1.0084,-0.0019,0.0193,0.0075,-0.0067,-0.044,0.0079,-0.0281,-0.009,0.0038,0.0214,0.0165,-0.006,0.0114,-0.0009
0,0,1.0334,0.0115,-0.0215,0.0017,0.004,-0.0387,-0.0093,-0.0157,0.0022,-0.0041,0.0234,-0.0094,0.0142,0.0005,0.0076
8,8,0.0216,-0.0121,-0.0214,0.0162,0.0172,0.009,-0.0839,-0.0773,1.0479,0.0801,0.0229,-0.0113,-0.0393,0.0337,-0.0034
0,0,1.0211,-0.0154,0.0007,0.0137,-0.0388,-0.0086,0.0245,0.0131,-0.0141,-0.0009,-0.008,0.0106,0.0162,-0.0134,-0.0007
0,0,1.0393,-0.0401,-0.0156,-0.0044,0.0436,-0.0188,0.0365,0.0073,0.02,-0.0392,-0.0332,-0.0048,0.0051,0.0142,-0.0099
2,2,-0.0116,-0.0227,0.7711,-0.0053,0.0806,-0.0073,0.0361,0.3191,-0.1078,0.0173,-0.0949,-0.007,-0.0114,0.0714,-0.0278
0,0,1.0223,-0.0229,-0.0094,0.0203,-0.0361,-0.0059,0.0109,-0.0036,-0.0169,0.0109,-0.0274,0.0162,0.0051,0.0179,0.0182
0,0,1.0464,0.0158,-0.0019,-0.0048,-0.0301,-0.0237,0.0369,-0.0058,-0.0086,0.0212,0.001,-0.0095,0.0003,-0.0217,-0.0156
0,0,1.0077,0.0012,-0.0086,-0.0353,-0.0343,-0.0583,0.0042,-0.0041,0.0117,-0.0066,0.0323,-0.0113,0.0813,0.0128,0.0071
0,0,0.8893,0.0145,0.0074,0.0018,0.0062,0.1786,-0.0249,-0.0023,-0.005,-0.0325,-0.0412,-0.0003,-0.0188,0.001,0.0261
0,0,1.0016,-0.0409,0.0514,-0.0029,0.0488,-0.0045,-0.0101,-0.0091,-0.0484,0.0396,-0.01,0.0087,-0.0154,-0.0032,-0.0055
0,0,1.0302,0.0316,-0.0214,-0.0062,-0.021,-0.0234,0.0169,-0.0035,0.0187,-0.0138,-0.0171,-0.011,0.0179,-0.0029,0.0047
0,0,0.8382,0.0038,0.0393,0.003,0.0094,0.0817,-0.0319,-0.0342,0.0119,0.0546,0.0216,0.0262,-0.0297,0.0141,-0.0075
0,0,1.0209,0.0032,0.0113,-0.0128,-0.0113,-0.0121,0.012,-0.001,-0.0014,-0.0107,-0.0099,0.0028,0.0022,0.0099,-0.003
0,0,0.888,-0.0036,-0.006,0.0216,0.0351,0.0976,-0.018,-0.005,0.0177,0.0114,-0.0003,-0.0109,-0.0136,-0.0169,0.0029
0,0,1.1462,0.014,0.0198,-0.0464,-0.0147,-0.1483,-0.0018,-0.0277,0.0585,0.0625,0.0065,-0.0028,-0.0535,-0.0142,0.0014
0,0,0.9899,0.0018,-0.0072,0.0044,0.0004,0.0072,0.0224,-0.0138,-0.0025,-0.0085,-0.0022,0.0049,0.0017,0.005,-0.0034
0,0,0.894,0.0092,0.0509,0.0023,0.0143,0.0241,0.0287,-0.0514,0.0334,-0.0304,0.0246,0.0085,-0.0315,0.0218,0.0007
0,0,0.9864,-0.023,0.0157,0.01,-0.0205,0.0244,-0.0018,0.0244,-0.0156,0.0097,-0.0049,-0.0109,0.0198,-0.017,0.0031
0,0,1.0581,-0.0522,-0.0029,-0.0227,-0.0602,0.0179,-0.0155,0.0416,0.0056,0.0296,-0.0031,-0.0058,0.0135,-0.0072,0.0029
0,0,1.004,-0.0101,0.0125,-0.0058,-0.008,-0.0118,0.0068,0.0132,-0.0106,0.0128,0.0049,-0.0009,0.003,-0.0014,-0.0085
0,0,1.0046,0.0238,-0.0087,-0.0087,-0.0012,0.0321,0.0014,-0.0156,0.0213,0.0099,-0.0176,-0.0043,-0.0136,-0.0097,-0.0134
0,0,1.0577,0.0073,0.0032,0.0272,0.0203,-0.046,-0.02,0.0096,-0.0137,-0.0042,-0.0074,-0.0145,-0.0088,0.0111,-0.0212
0,0,1.0662,0.0095,0.0162,-0.0238,-0.0143,-0.0271,-0.0115,-0.0163,0.0072,0.0085,-0.0001,0.0012,-0.0009,-0.0048,-0.0099
0,0,0.9793,-0.0028,0.0053,-0.021,-0.0266,-0.0062,-0.0098,0.0516,0.0018,-0.0116,0.0247,-0.0089,0.0049,0.009,0.011
0,0,1.0182,0.0367,0.0329,-0.016,0.0079,-0.0767,0.0043,0.0071,-0.0098,-0.0047,0.0143,0.0115,-0.0295,0.0151,-0.0106
0,0,1.002,0.0437,0.0246,-0.006,-0.0225,-0.0032,-0.0409,0.0162,0.0001,-0.0026,-0.0211,0.0066,0.0021,0.0026,-0.0014
0,0,1.0095,0.0052,0.0281,0.0063,-0.0156,0.0057,-0.0074,-0.0512,0.0152,-0.0272,-0.0043,0.0217,0.016,-0.0048,0.0029
0,0,0.971,0.0293,-0.0058,0.0247,0.0911,-0.0689,-0.0014,-0.0264,0.0284,0.0029,-0.0108,-0.0148,0.0054,-0.018,-0.0068
0,0,1.0241,-0.0093,0.0104,-0.0177,0.0016,0.0093,-0.0088,0.007,0.0048,-0.0037,-0.0147,0.0146,-0.0135,-0.0064,0.0023
0,0,1.0005,0.0119,-0.0007,0.0091,0.0039,-0.0093,0.0169,-0.0106,-0.0001,-0.0134,-0.006,0.0051,-0.0127,0.0085,-0.0034
0,0,1.0159,0.0001,-0.0143,-0.0192,-0.0345,-0.0249,-0.0088,0.0118,0.0091,0.0008,0.0173,-0.0012,0.0293,0.0005,0.018
1,1,-0.0682,0.9866,0.0216,0.0117,-0.0007,0.0038,0.1103,-0.065,0.0237,-0.0276,0.0237,0.0366,-0.0386,-0.0169,-0.0003
0,0,0.923,0.0073,-0.0195,-0.0363,0.0192,-0.0444,0.0233,0.0333,0.0373,-0.0322,0.0346,-0.0117,0.043,0.0039,0.0197
0,0,1.0615,0.0231,0.0585,-0.0429,-0.0944,0.016,0.0103,-0.0231,0.046,0.011,-0.0202,-0.0149,-0.0255,-0.0247,0.0196
0,0,1.018,-0.0159,0.0036,-0.0054,-0.0041,-0.0177,0.0156,-0.0064,0.0162,-0.0019,-0.0112,0.008,0.0088,-0.0107,0.0031
0,0,1.0169,-0.0013,-0.0016,0.0262,-0.0023,0.0145,0.0072,-0.0045,-0.016,0.0205,0.0111,-0.0178,-0.004,-0.0316,-0.0174
0,0,0.8858,0.0044,-0.0084,-0.006,-0.0002,0.0965,0.0252,0.0067,0.032,-0.0439,0.0242,0.0035,0.006,-0.029,0.0033
0,0,0.9472,-0.0243,0.0209,0.0039,0.0844,-0.0333,0.0137,0.0374,-0.0339,-0.0388,0.0033,0.0265,-0.0142,0.0001,0.0074
0,0,0.9567,-0.0204,-0.0223,0.011,0.093,-0.0131,0.0104,-0.024,-0.0184,0.0072,0.0443,-0.0199,0.0061,-0.0018,-0.0087
0,0,0.9608,-0.0254,0.0686,-0.0279,-0.0349,0.0488,-0.007,0.0143,-0.0229,-0.026,0.0674,0.0017,-0.0126,-0.0272,0.0221
0,0,0.8257,0.112,0.0142,-0.0328,0.0138,0.146,0.0288,-0.0393,-0.0148,0.0136,0.0088,-0.0031,-0.0365,-0.0155,-0.0209
1,1,-0.0653,0.902,-0.0039,-0.0071,0.0971,0.0083,0.1017,-0.0192,-0.0105,0.0044,0.0216,-0.0093,-0.0061,-0.0249,0.0117
0,0,0.9827,0.0687,-0.0116,-0.0403,0.0032,0.0164,-0.0114,-0.0228,-0.0042,-0.0243,0.031,0.0145,-0.0012,-0.0027,0.0017
0,0,1.0509,0.0077,0.0161,-0.0098,-0.0356,-0.063,0.0092,0.0176,0.0091,-0.0138,-0.0056,0.0121,-0.0014,-0.0011,0.0075
0,0,0.9928,-0.0016,0.0019,0.0091,-0.0145,0.0217,0.0114,-0.0751,0.0318,-0.0206,-0.0113,0.0146,0.0367,0.0056,-0.0025
0,0,0.9957,0.0163,-0.0076,0.016,-0.0108,-0.0228,-0.0069,0.0453,0.0187,-0.0053,-0.0008,0.0059,-0.0219,-0.0223,0.0007
10,10,0.0364,-0.0223,0.0321,0.0767,-0.0146,0.1524,-0.0477,0.0035,0.0009,-0.0665,0.8295,0.0642,-0.0752,0.0313,-0.0017
1,1,-0.0927,1.0082,-0.042,0.0252,-0.0118,0.0453,0.0585,0.0471,0.1178,-0.0566,-0.0295,0.0106,-0.0608,0.0039,-0.0234
0,0,1.0321,0.0199,-0.01,0.0324,-0.0234,-0.0487,-0.0342,0.0031,-0.0014,0.0062,0.0214,-0.0026,0.0102,-0.0522,0.0467
0,0,1.0671,-0.0118,-0.0063,-0.0108,0.0216,-0.0434,0.0122,-0.0052,-0.036,0.0135,-0.026,-0.0083,0.0265,0.0065,0.0004
0,0,0.9165,-0.0109,-0.0162,0.0173,0.0091,0.0511,-0.0117,0.0028,-0.0008,0.0047,0.0059,0.0184,-0.0126,0.0187,0.0078
0,0,1.036,-0.0158,-0.0079,0.0068,-0.017,-0.001,0.0113,0.002,0.0078,-0.0024,-0.0155,0.0014,-0.0071,0.0005,0.0008
0,0,1.078,0.0161,0.007,-0.0373,0.0167,-0.0386,-0.0097,-0.0134,-0.0098,0.0039,0.0242,-0.004,-0.0131,-0.0199,-0.0003
0,0,0.8028,-0.0002,-0.0118,-0.0098,0.0229,0.0955,-0.0644,0.0394,0.0041,0.0229,0.0566,-0.0344,0.0246,0.0306,0.0211
2,2,0.0283,-0.0739,0.8174,0.3979,0.1074,-0.0206,0.0008,-0.0383,-0.1517,-0.0146,0.0169,-0.0522,0.0075,0.0065,-0.0308
0,0,0.9799,0.0013,0.0089,-0.0181,-0.0131,0.006,-0.0041,0.024,0.009,-0.0342,-0.013,0.0277,0.0383,-0.011,-0.0013
0,0,0.9168,-0.003,0.0152,0.0107,0.0374,-0.0026,-0.0578,-0.0068,-0.0721,0.0107,0.0779,-0.0192,0.0202,0.0733,-0.001
8,8,0.0232,-0.0288,0.0156,0.104,-0.0061,-0.0149,0.0235,0.0323,0.8637,0.0046,0.0356,-0.0544,-0.0559,0.0414,0.0163
0,0,1.0629,0.0115,0.0224,0.0083,-0.0248,-0.0435,0.0318,-0.0347,-0.0134,-0.0276,0.0223,0.0055,0.0169,-0.035,-0.0026
0,0,1.0452,-0.0007,0.0078,0.0171,0.0082,-0.012,0.0073,-0.0213,-0.0063,-0.0135,-0.0172,-0.0137,-0.0076,-0.0046,0.0116
0,0,0.8992,-0.0219,-0.0204,-0.0129,0.0182,0.038,-0.0368,0.0237,0.0084,0.0259,0.0185,-0.0073,0.0259,0.0464,-0.0048
0,0,1.0263,0.0221,0.0012,-0.0053,-0.0028,-0.0616,-0.0095,-0.0023,0.0138,-0.0332,-0.0111,0.0091,0.0442,-0.0011,0.0105
8,8,0.1687,0.0557,-0.1218,0.0618,0.1689,-0.0361,0.0382,0.0672,0.7051,0.046,-0.0459,-0.0441,0.0128,-0.0094,-0.0676
0,0,0.9365,0.02,0.0149,-0.0133,0.087,0.05,-0.0244,0.0121,-0.0397,0.0058,-0.0075,-0.0238,-0.0222,-0.0006,0.0052
0,0,0.9619,-0.0086,-0.0024,0.0251,0.1038,-0.0447,-0.0236,0.0091,0.0175,0.0332,-0.0276,-0.0247,-0.0185,0.001,-0.0018
0,0,1.02,-0.0122,0.0043,0.023,-0.0269,-0.0027,-0.0183,0.0002,0.0041,0.0174,0.0171,0.0191,-0.0272,-0.0182,0.0001
0,0,1.0508,-0.0187,0.0037,-0.0064,0.0311,-0.0817,0.0109,0.0105,-0.0003,0.0237,-0.0058,-0.0029,-0.0145,0.0051,-0.0057
0,0,1.0208,0.0197,-0.0014,-0.0134,-0.0304,0.0216,-0.0098,-0.0036,-0.0125,0.0058,-0.0212,-0.0144,0.0287,-0.0016,0.012
0,0,0.9432,-0.0407,-0.0552,-0.0201,0.0482,0.0608,-0.0132,-0.0193,0.0334,0.1397,-0.0117,-0.0035,-0.0759,-0.007,0.0217
0,0,0.9503,0.01,0.0109,0.0051,0.0279,0.0076,0.0099,-0.0048,-0.0065,-0.0191,0.0227,0.0027,0.0029,-0.0091,-0.0103
0,0,0.9753,0.0133,-0.0239,0.0339,0.0179,0.0116,-0.0544,0.0222,-0.0462,0.0222,-0.0084,0.0154,0.0158,0.0121,-0.0067
0,0,0.981,-0.0212,-0.0038,0.0604,0.009,-0.0302,0.0323,-0.0501,-0.0049,-0.0313,-0.0341,0.0336,0.0412,0.0115,0.0062
0,0,1.0174,-0.0208,0.0106,0.0256,0.0211,-0.0093,0.001,0.0068,-0.0377,0.0087,-0.0144,0.0012,0.0005,-0.0064,-0.0038
0,0,0.7325,0.0333,-0.0248,0.0511,0.1591,-0.0094,0.0493,-0.0793,0.0069,-0.028,-0.0061,0.0442,0.0753,0.0268,-0.031
0,0,1.0264,-0.0165,-0.005,0.0007,-0.0417,0.0102,-0.0151,0.0082,0.0219,0.02,0.0017,0.0083,-0.0203,0.013,-0.0116
0,0,0.9891,0.0132,0.0262,-0.0002,0.0933,-0.0228,-0.0156,-0.006,-0.0076,-0.0148,-0.0345,0.0219,-0.017,-0.0179,-0.0066
5,5,0.2995,0.0164,0.0143,0.0289,-0.0322,0.6595,-0.0311,-0.0351,-0.0178,-0.0055,0.0943,-0.0094,0.0374,-0.0185,-0.0004
0,0,0.917,-0.0122,-0.011,-0.0111,0.0214,0.0523,0.0163,0.0052,0.0268,-0.0067,-0.003,-0.0072,0.0247,-0.012,-0.0009
0,0,0.9871,0.026,-0.0023,0.0098,0.0351,0.008,0.013,-0.0189,0.0304,-0.0149,-0.0325,-0.0294,0.0123,-0.0201,-0.0038
0,0,0.9128,-0.0268,0.0378,-0.0779,0.0462,0.0245,0.0195,-0.0257,-0.0088,-0.0065,0.0262,-0.0373,0.0525,0.0505,0.0135
0,0,0.8974,0.0859,-0.0082,-0.0016,0.0617,-0.0328,-0.0009,0.0054,-0.0436,0.0226,0.0212,-0.0122,-0.0268,0.0162,0.0154
0,0,1.0407,0.0322,-0.0265,-0.0132,0.0127,-0.0347,0.0066,-0.0226,0.0058,0.0154,0.0066,-0.024,0.0473,-0.0213,-0.0252
0,0,1.0262,-0.013,0.0148,-0.0253,0.0111,0.0207,-0.0117,0.0393,-0.0289,0.0026,-0.0088,-0.0113,0.0015,-0.0118,-0.0053
5,0,0.6507,0.0004,0.007,-0.0322,-0.0305,0.2656,0.0343,-0.0523,0.0353,0.0017,0.0649,-0.0024,0.0724,-0.0168,0.0014
0,0,1.0971,-0.0101,0.0329,-0.0247,0.0073,0.0054,-0.0216,-0.0383,-0.0124,0.0052,-0.0093,0.0122,-0.0039,-0.0249,-0.0155
0,0,0.9736,0.0125,-0.0491,0.0401,-0.0015,0.0871,-0.009,-0.034,-0.0289,-0.0022,0.0104,0.0298,-0.0616,0.0399,-0.0068
0,0,1.0405,0.0031,0.0108,0.0012,-0.0115,-0.0483,0.0164,-0.0048,-0.0034,-0.0121,-0.0062,0.0108,0.0072,-0.0046,0.001
0,0,0.9936,0.0106,0.0346,0.0232,0.0779,-0.0377,-0.002,-0.0344,-0.0313,0.0161,-0.0348,-0.0242,0.0117,0.0005,-0.0033
0,0,1.0238,0.0301,0.0072,-0.0237,0.0179,0.0142,-0.0144,-0.0081,0.0053,0.0087,-0.014,-0.0167,-0.0035,-0.0227,-0.004
1,1,0.2189,0.6808,0.0335,-0.0171,0.076,0.027,-0.0372,-0.0294,0.0467,-0.0459,-0.0213,0.0498,0.0095,-0.0249,0.0335
0,0,0.8425,-0.0025,-0.0047,0.0168,-0.0212,0.1938,0.0165,-0.02,-0.0083,0.0052,-0.0165,-0.0084,0.0143,0.0127,-0.0199
0,0,1.0197,0.0081,0.0004,-0.0203,0.004,-0.0039,0.0028,0.0046,0.0106,0.0009,-0.0153,-0.0141,0.0173,-0.004,-0.011
0,0,1.021,0.0119,0.0024,-0.0179,-0.0074,-0.0227,0.0067,-0.0042,0.0149,-0.0144,0.0003,0.0039,-0.0003,-0.0006,0.0062
0,0,1.0439,-0.0112,-0.0015,0.0024,-0.0159,-0.0052,0.0079,-0.0013,0.0078,0.0012,-0.0078,0.009,-0.0102,-0.0133,-0.0057
6,6,-0.0203,-0.0329,-0.0149,-0.0206,0.0018,-0.0378,1.0239,0.0689,-0.0475,0.0119,0.0418,-0.0066,-0.0082,0.0539,-0.0142
3,3,0.0413,0.1064,0.166,0.8123,-0.0583,-0.0751,-0.0212,-0.0358,-0.0499,0.0519,0.0187,-0.0501,0.0833,0.0251,-0.0131
6,6,0.015,0.156,0.0886,0.0862,0.0553,0.0335,0.5981,-0.0288,-0.0305,0.0357,0.0099,0.0209,0.0098,-0.0439,-0.0058
0,0,1.0059,0.0169,0.0056,0.0055,-0.0022,-0.017,-0.0114,0.0027,0.0043,0.0096,0.0065,-0.0191,-0.0043,-0.0014,-0.0015
3,3,0.0557,0.0085,0.0567,0.4716,0.0058,0.0985,-0.0877,0.1896,0.2339,0.0951,0.0155,0.0263,-0.0892,-0.078,-0.0013
0,0,0.8583,-0.0542,0.0431,-0.0811,0.0224,-0.1103,0.0544,0.0141,-0.0131,-0.0239,0.1115,-0.0536,0.1533,0.0936,-0.0155
0,0,1.0283,-0.0229,-0.0039,-0.007,0.0239,-0.0156,-0.0056,-0.0147,-0.0004,-0.0049,0.0145,0.003,-0.0016,0.0036,0.0034
0,0,1.0147,-0.0124,-0.0028,-0.0002,-0.0005,-0.0145,0.0056,0.0089,-0.0011,0.0048,-0.0094,0.0006,0.0032,-0.0016,0.0049
0,0,1.0153,0.0138,-0.0195,0.0126,0.0315,-0.0071,-0.0194,-0.0065,-0.0102,0.0141,0.0096,-0.0011,-0.0281,-0.0067,0.0015
0,0,0.9714,-0.0866,0.0016,0.0044,0.0815,-0.0376,0.0864,0.1042,-0.0037,-0.0076,-0.0468,0.0251,-0.047,-0.0203,-0.0255
0,0,0.9712,-0.031,0.0009,0.0157,-0.0103,0.0462,-0.0078,0.0177,-0.0164,0.0169,-0.0073,-0.0081,0.0131,-0.01,0.0092
0,0,0.9755,0.0051,-0.0116,-0.0277,0.0228,0.0286,0.0148,-0.0137,0.0381,0.004,-0.0071,0.0012,-0.0081,-0.0128,-0.0092
0,0,1.0017,-0.0035,0.0078,-0.0078,0.0093,0.0011,-0.0023,0.0175,-0.028,-0.0007,0.0077,0.0078,-0.0139,-0.0143,0.0179
6,6,0.0262,0.0391,-0.0503,-0.0089,0.0322,-0.0752,1.1309,-0.0246,-0.0153,-0.0903,0.0439,-0.0296,0.0138,0.029,-0.0206
0,0,0.9602,-0.0122,-0.0444,-0.0288,0.0748,-0.0045,0.0285,-0.008,-0.0081,-0.0157,-0.0019,0.0156,0.0336,0.0115,-0.0006
1,1,0.0228,0.9031,-0.0388,0.013,0.0036,-0.0312,0.0597,-0.0387,-0.0295,0.0822,-0.0053,0.0227,-0.0109,0.0444,0.0027
0,0,1.0898,-0.0157,-0.0132,0.0188,-0.0205,-0.0446,-0.025,0.0271,-0.0181,0.0069,-0.0491,0.0117,0.0207,0.0055,0.0056
5,5,0.5594,-0.0032,0.0123,-0.0335,-0.0592,0.5772,-0.0143,-0.0525,0.0107,0.0132,0.0247,-0.0159,-0.0358,-0.0085,0.0245
0,0,0.9928,-0.0054,0.0032,0.01,0.0054,-0.0212,0.0004,0.007,-0.0155,-0.0041,0.0047,0.0043,0.0213,0.0015,-0.0044
2,2,-0.0636,0.0292,1.127,-0.0826,-0.0554,0.0815,0.02,-0.0333,0.0208,-0.0876,0.0116,-0.008,0.0032,0.0262,0.0113
0,0,0.9968,-0.0104,0.0202,0.0265,-0.003,-0.0078,-0.0038,-0.0006,-0.0165,0.0379,-0.0208,-0.0054,-0.0066,-0.0181,0.0117
4,4,0.1069,-0.0707,0.05,-0.0345,0.6735,0.0073,0.0367,0.3979,-0.0483,-0.0646,-0.0486,-0.0278,0.0335,-0.0106,-0.0004
0,0,0.9345,0.012,0.0102,0.0109,0.0151,0.0101,0.0307,-0.0009,0.0091,0.0139,0.0045,-0.014,-0.0295,-0.0164,0.0101
0,0,1.0289,0.0202,0.0114,-0.0014,0.0033,-0.008,0.0025,0.0092,-0.0199,0.0054,-0.0067,0.0045,-0.037,0.0025,-0.0142
0,0,0.9135,0.0447,0.0286,-0.022,0.0372,-0.0508,-0.0396,0.018,0.004,0.0338,0.0769,-0.0295,-0.0072,-0.024,0.0157
9,9,0.0054,0.0997,-0.0327,-0.0942,0.0548,-0.0172,-0.1608,-0.0783,0.0791,0.9812,0.0905,0.0141,0.0413,0.0098,0.0068
14,14,0.1386,-0.0291,-0.0597,0.0183,0.1088,0.0816,0.0034,0.0202,0.0046,0.0699,0.044,-0.0124,0.1755,0.0655,0.3708
0,0,1.0605,-0.0157,0.0364,-0.013,0.0081,-0.0239,-0.0155,0.0026,-0.0034,-0.0059,0.0012,0.0055,-0.0124,-0.0107,-0.0137
1,1,0.01,0.9279,0.0021,0.0294,0.0569,-0.0089,0.0116,-0.0056,-0.0642,-0.0474,0.0353,0.0406,-0.0252,0.0001,0.0374
0,0,0.9867,0.0052,0.0854,0.0398,0.016,-0.0692,-0.0013,-0.0127,-0.0444,-0.0697,0.0114,0.0596,0.0128,-0.009,-0.0117
0,0,1.0127,0.0011,-0.0236,0.0107,-0.0033,-0.0231,0.0006,0.0023,-0.0041,-0.0086,0.0464,-0.0186,0.0021,0.0251,-0.0197
0,0,0.985,-0.0135,-0.0328,0.0286,0.0026,-0.0653,0.0065,-0.0218,0.0067,0.0433,-0.0035,0.0111,0.0352,-0.0113,0.0285
1,1,-0.1146,0.8464,-0.0005,-0.035,0.024,0.0557,0.1339,0.0016,0.0,0.0759,0.0248,0.0103,0.0077,-0.0139,-0.0159
1,1,0.0952,0.8869,-0.0325,0.039,-0.0806,0.0499,0.0722,-0.0136,0.0027,-0.0181,-0.0196,0.0286,-0.0488,0.0302,0.0081
0,0,0.918,0.0575,-0.0139,-0.0207,-0.0481,0.0348,0.0158,0.0257,0.0032,-0.0244,-0.0011,-0.0114,0.0164,0.0341,0.0139
0,0,1.0188,-0.0236,-0.0058,0.034,-0.004,0.0181,0.03,-0.019,-0.021,0.0255,-0.023,-0.0178,0.027,-0.0225,-0.0162
0,0,0.8479,0.2101,-0.0179,-0.006,-0.0152,0.0263,0.0066,0.01,-0.0193,0.0163,-0.006,0.0488,-0.0771,-0.0119,-0.0127
0,0,0.97,-0.0116,-0.0067,0.0108,-0.01,0.0351,0.0143,0.0064,0.0207,-0.0062,-0.0019,-0.0001,0.0078,-0.0191,-0.0097
0,0,1.0073,0.0185,-0.0018,0.0244,0.0008,-0.0451,-0.0365,0.0228,-0.0004,-0.0052,0.0295,-0.0029,0.0104,-0.0096,-0.0123
0,0,1.0373,0.0202,-0.001,-0.0037,-0.0386,-0.0246,0.0081,-0.0202,0.0155,-0.0028,0.0082,-0.0109,0.0349,-0.0224,-0.0001
0,0,1.0693,0.0005,-0.0074,0.0293,-0.0112,-0.0276,-0.0139,-0.0212,0.0019,-0.0052,-0.0199,0.0051,0.014,-0.0151,0.0019
0,0,0.9778,-0.0674,-0.0172,0.0046,0.0208,-0.0138,0.0266,0.0057,0.0149,0.0208,-0.0193,-0.0088,0.0327,0.0113,0.0112
1,1,-0.0567,1.1724,-0.0235,-0.0055,-0.0639,0.0164,-0.0451,0.0007,0.024,-0.0232,-0.0055,0.0033,0.0133,-0.0004,-0.0067
4,4,0.0468,0.0498,0.1,-0.0613,0.7119,0.0024,-0.0241,0.2455,-0.0491,-0.0372,0.0029,0.0059,-0.0853,0.0544,0.0386
0,0,0.9902,-0.0025,-0.001,-0.0058,0.0162,0.0248,-0.0053,-0.0081,-0.0065,0.0208,-0.0253,0.0008,0.0071,-0.0126,0.0073
0,0,0.9663,0.0242,-0.0062,-0.011,-0.0132,0.0349,-0.01,0.0072,-0.0095,-0.0132,0.0216,-0.0154,0.0145,-0.0048,0.0149
0,0,0.9891,-0.0045,-0.0202,0.0278,0.0078,-0.039,0.0055,0.0116,-0.0077,0.001,0.0392,-0.0069,0.0072,-0.0145,0.0038
11,11,-0.0225,0.1128,-0.0311,0.1161,0.2172,-0.0492,-0.0161,-0.1341,-0.0528,-0.057,0.1555,0.8176,-0.0026,-0.0321,-0.0211
5,5,0.183,-0.0046,-0.0519,0.0051,0.019,0.6452,-0.0079,0.0123,-0.0324,-0.0122,0.2505,0.0146,-0.0237,0.0101,-0.0068
0,0,0.9471,0.0034,0.0004,-0.0043,-0.0099,0.0746,0.0057,-0.0189,0.0016,0.0114,-0.0114,0.0044,-0.0005,-0.0015,-0.0022
0,0,0.987,-0.0228,-0.0057,0.0018,0.0429,0.0105,-0.0064,-0.0091,-0.025,0.0124,-0.0088,-0.0141,0.026,0.0138,-0.0021
8,8,0.0618,-0.0016,0.0289,-0.0507,0.0964,-0.0967,-0.005,-0.0432,0.9423,-0.0538,0.0574,-0.0345,0.0444,0.0472,0.0063
0,0,0.9705,0.006,-0.0156,-0.0623,0.0131,-0.0464,0.0049,0.0638,0.0317,-0.0193,0.0166,0.0149,0.004,0.0154,0.003
1,1,-0.0522,0.8139,0.0165,-0.0596,-0.0278,0.0522,0.0658,0.0503,0.0052,0.1371,-0.0402,0.0975,-0.056,0.0007,-0.0031
11,11,0.0666,0.0023,0.0159,-0.1115,-0.1274,0.0518,0.0587,0.1146,-0.0186,-0.0839,-0.0485,1.017,0.1039,-0.0402,-0.0004
0,0,1.0001,-0.0201,0.0002,0.0326,0.0272,-0.0455,-0.0144,-0.008,0.006,0.025,-0.0145,-0.0012,0.0004,0.0027,0.0092
2,2,0.034,0.0068,0.7263,0.0359,0.0092,0.0885,-0.0628,0.0272,0.0098,0.1467,-0.0154,0.0955,-0.1269,-0.0224,0.0482
0,0,1.0663,-0.0004,-0.0012,0.0119,-0.056,0.0065,-0.015,-0.0246,0.0001,-0.0156,0.007,0.0063,-0.0036,0.0124,0.0057
0,0,1.0412,0.009,0.0104,-0.0038,-0.0054,-0.0576,0.0011,0.0015,0.002,0.0037,0.0001,-0.0066,0.0117,-0.0167,0.0093
0,0,1.0557,-0.0154,0.0165,-0.0168,-0.0023,0.0186,0.0109,-0.0003,0.0086,-0.0258,-0.0286,0.0071,-0.0302,0.0013,0.0007
0,0,1.0219,0.0162,0.0088,-0.0148,-0.0014,-0.0373,0.0341,-0.0213,0.0101,-0.0322,-0.0055,-0.0039,0.0121,0.0058,0.0072
0,0,1.0057,0.0119,0.0132,0.0221,0.0059,-0.0422,-0.0042,-0.01,-0.0087,0.01,0.0114,-0.0065,0.0068,-0.0047,-0.0105
2,2,0.0595,-0.106,0.9579,-0.0476,0.0278,-0.1423,-0.0385,-0.0748,0.1421,0.1016,0.1195,-0.0719,0.0483,-0.0256,0.0509
0,0,0.9201,-0.0137,-0.0314,0.0522,0.0566,-0.0148,-0.0262,0.0115,0.0424,0.0101,0.0134,0.0179,-0.0478,0.0035,0.0067
0,0,0.9665,-0.0218,0.0017,0.001,0.0404,-0.0452,-0.014,0.0345,0.0098,0.0056,0.0472,-0.0228,-0.0043,0.0068,-0.0052
0,0,0.9818,-0.001,0.007,-0.0085,-0.0008,-0.0028,0.0021,0.0168,-0.0013,-0.0125,0.0096,0.0051,0.0033,-0.001,0.0021
10,10,-0.12,-0.0306,-0.0638,0.046,0.0339,0.1049,0.068,-0.0338,-0.0349,-0.0128,1.1487,-0.0256,-0.0485,-0.0844,0.053
0,0,0.8359,-0.0089,-0.0077,0.0078,0.0108,0.1525,-0.0009,0.0083,-0.0185,-0.0039,-0.0021,-0.007,0.0032,-0.0058,0.0368
1,1,0.0949,0.66,-0.0751,0.1245,0.0061,0.0386,0.0605,0.0788,0.0447,-0.0591,-0.0055,-0.0096,-0.0062,0.04,0.0074
0,0,0.9886,0.0017,-0.0016,-0.0016,-0.0123,-0.0063,0.004,-0.0098,0.0025,0.0154,-0.006,0.0065,0.0122,0.0038,0.0033
0,0,1.0191,0.0163,0.0055,-0.0133,-0.0055,0.0101,0.0142,-0.0039,0.0109,-0.0009,-0.0118,-0.0093,0.0002,-0.0197,-0.0122
0,0,0.9906,-0.0156,0.0158,0.0082,0.0,0.0397,-0.005,0.0008,-0.0127,0.005,-0.0076,-0.0046,-0.0111,-0.0059,0.0025
6,6,0.141,-0.0885,-0.0939,-0.0011,0.0841,-0.0096,0.9958,-0.0314,0.0905,0.0046,-0.0153,-0.0305,0.0242,-0.0396,-0.0307
0,0,0.784,-0.0341,-0.0177,0.0099,0.038,0.1884,-0.0109,-0.0256,-0.0187,-0.0102,-0.0189,0.0282,-0.0158,0.1174,-0.0137
4,4,0.0441,-0.0225,-0.0299,-0.0251,0.9272,-0.0446,-0.0161,0.1901,-0.0193,0.0237,-0.006,-0.0345,-0.0065,0.0046,0.0152
0,0,0.9573,0.026,-0.0096,0.0009,0.0568,0.0314,0.003,-0.0535,-0.0048,-0.0196,-0.0243,0.0275,-0.0179,0.032,-0.0052
0,0,1.0146,-0.011,0.0005,0.0029,-0.0101,0.0048,-0.0048,-0.0079,0.0036,0.001,-0.0027,0.003,0.0033,0.0021,0.0008
0,0,1.0307,-0.0035,0.0047,-0.0065,-0.0157,-0.0006,0.0186,-0.021,-0.0125,-0.002,-0.0052,0.0116,0.008,-0.0093,0.0027
0,0,0.9402,0.0011,0.0096,0.025,0.004,0.0566,-0.0088,-0.027,-0.0011,0.0035,-0.0056,0.0008,-0.0132,0.0133,0.0015
0,0,1.0174,0.0124,-0.0019,0.0017,-0.0075,0.0008,0.0153,-0.0506,0.034,0.0371,-0.012,-0.0052,-0.0235,-0.0018,-0.0162
3,3,0.0172,-0.0151,-0.131,1.0513,0.0108,0.0756,0.0377,0.0084,-0.0637,0.0103,-0.0225,0.0463,-0.0009,-0.0521,0.0277
0,0,0.9997,0.0069,-0.0081,-0.0062,0.0049,-0.0006,-0.0072,-0.0339,0.0092,0.0105,0.0004,-0.0015,-0.0039,0.0136,0.016
0,0,1.0181,0.0024,0.0031,0.0076,-0.0256,-0.0007,0.0105,0.0069,-0.0018,0.0007,-0.0173,0.0033,-0.0138,-0.0002,0.0067
0,0,0.9793,-0.0138,-0.0081,-0.0029,0.0141,-0.0008,0.0119,0.0155,-0.0016,0.0054,0.0234,-0.0097,-0.0015,-0.0157,0.0042
0,0,0.8564,-0.0158,-0.0364,0.1086,0.0089,0.0462,0.0471,-0.0049,-0.0063,-0.0815,0.0111,0.0299,0.0134,0.0583,-0.0342
0,0,1.0488,-0.0197,-0.0098,-0.0297,-0.018,-0.0719,-0.0128,0.0182,0.0132,-0.0043,-0.0023,0.007,0.0567,0.0171,0.0073
13,13,-0.0421,0.007,0.4742,-0.0049,-0.0956,-0.0085,-0.0097,0.1312,-0.0688,0.0048,0.0455,0.0485,-0.0117,0.5518,-0.0211
0,0,1.0305,0.0144,0.0023,-0.0244,-0.001,-0.0066,-0.0048,-0.003,-0.0089,0.0057,0.0029,0.0109,-0.0101,0.0052,-0.0131
0,0,1.0118,0.0018,-0.0037,-0.0011,0.0063,-0.0114,-0.0213,0.0002,0.0125,-0.0265,0.001,0.0072,0.0094,0.018,-0.0037
0,0,1.0104,0.0141,0.0002,-0.0099,-0.0126,-0.0069,-0.0116,0.0198,-0.0198,0.0053,0.0032,-0.0043,0.0051,0.0073,-0.0001
0,0,1.0987,-0.0179,0.0116,0.0109,-0.0065,-0.0832,0.0011,0.0049,0.0133,0.0273,-0.0192,-0.0117,0.0055,-0.0403,0.006
2,2,-0.0495,-0.0071,0.9552,0.0023,0.0779,0.0206,-0.047,-0.0313,0.0566,0.0221,0.0096,-0.0227,-0.0251,0.0478,-0.0094
0,0,1.0278,0.002,0.0137,-0.008,0.0224,-0.0378,-0.0017,0.0304,-0.0343,0.011,-0.0316,0.0044,0.0025,0.0164,-0.017
0,0,0.9347,-0.0262,0.0155,-0.0145,0.0463,0.0537,0.0136,-0.0112,0.0128,-0.003,0.0198,-0.0007,-0.0155,-0.001,-0.0241
0,0,1.0131,0.047,0.0559,-0.06,-0.0066,0.0168,-0.0068,-0.023,0.0113,-0.0384,-0.0037,0.0067,0.0231,-0.0114,-0.0242
0,0,0.9988,-0.0255,-0.0237,0.0357,-0.0236,0.0165,0.0339,0.0136,-0.019,-0.0198,-0.0067,0.0045,0.0052,-0.0058,0.0162
0,0,0.5542,-0.0649,-0.0487,0.0166,0.1742,0.0628,0.0609,0.3693,-0.06,-0.0258,-0.0272,0.0189,0.0148,-0.0365,-0.0087
0,0,0.931,0.0398,0.0097,-0.0155,0.0717,0.022,0.0026,-0.0281,0.0132,0.0141,0.0379,-0.0182,-0.0662,0.0079,-0.022
0,0,1.0079,0.0057,-0.0028,0.0043,-0.032,0.0028,0.015,-0.022,-0.0107,0.0018,0.0078,-0.003,0.0266,0.0102,-0.0114
0,0,1.0236,-0.0017,0.0149,-0.0366,-0.0539,0.0027,-0.0093,-0.0339,0.0422,0.0374,0.0216,-0.0139,0.0089,-0.0057,0.0037
0,0,0.8515,0.0502,-0.0514,0.0023,0.1869,0.0266,-0.0443,-0.0005,-0.0509,-0.0307,0.0473,0.0033,-0.043,0.0585,-0.0057
7,7,-0.1163,0.0995,-0.0888,-0.055,0.0808,0.0173,0.105,0.8015,0.1847,-0.0218,-0.0454,-0.0305,0.0653,0.0033,0.0003
0,0,0.9654,-0.0109,0.0155,0.0447,0.0049,0.0067,-0.0587,0.021,-0.0179,0.055,0.0023,-0.0292,-0.0142,0.0084,0.0065
0,0,0.7879,-0.0145,0.0114,-0.0304,0.0059,0.1292,0.0572,0.0856,0.0077,0.0133,0.015,-0.0352,0.0396,-0.0526,-0.02
0,0,1.0416,0.0053,0.0036,0.0342,-0.0092,-0.0293,-0.0204,-0.0207,-0.0261,0.0332,-0.0078,0.0079,-0.0092,-0.0146,0.0113
0,0,0.9575,0.0138,0.0233,-0.0159,0.0415,0.0173,-0.0014,-0.0281,-0.0055,0.0003,0.0148,0.0032,-0.0197,-0.0027,0.0014
0,0,1.0057,-0.0076,0.002,0.0344,0.009,0.0008,-0.0138,0.0017,-0.0009,-0.0103,0.0138,0.014,-0.0261,-0.0062,-0.0163
1,1,-0.1015,1.0414,-0.0149,-0.001,-0.0893,0.0106,0.1744,-0.022,0.0138,0.0229,0.002,0.014,-0.0189,-0.0253,-0.0061
12,12,-0.1285,0.0384,0.002,0.0082,-0.0226,0.086,0.0424,-0.0318,-0.058,-0.0449,-0.0573,0.1428,0.9527,0.0606,0.0098
0,0,1.0375,-0.0025,0.006,-0.0034,0.0098,-0.0137,-0.0032,-0.0084,-0.0392,-0.0041,0.0026,-0.0172,0.0498,-0.013,-0.0008
0,0,1.0434,-0.0198,0.0364,-0.0246,0.0573,-0.0284,-0.042,-0.0034,-0.0234,0.0297,-0.0185,-0.0116,-0.0287,0.0261,0.0075
2,2,0.0974,0.0361,0.8818,0.0652,-0.074,0.0544,0.012,-0.0433,-0.0347,-0.0011,-0.0059,0.0138,-0.037,0.0492,-0.014
1,1,0.0376,0.8356,0.029,-0.054,0.0815,-0.0526,0.1487,0.0328,-0.0196,-0.0802,0.0029,0.0146,0.0122,0.0085,0.0033
5,0,0.6298,-0.0189,0.0234,-0.0346,-0.083,0.4684,0.01,-0.0137,0.0352,0.0131,-0.0266,-0.0029,0.004,-0.0368,0.0316
0,0,1.0344,-0.0337,-0.0323,0.0021,-0.0136,-0.0114,-0.0026,-0.0084,0.027,-0.0274,0.0173,0.0072,0.0363,0.0045,0.0004
7,4,0.0404,-0.083,0.0285,0.0283,0.4096,-0.0657,-0.0155,0.3982,0.0283,0.1753,0.0168,0.0314,0.0411,-0.0189,-0.0138
0,0,0.9609,-0.0158,0.0153,-0.0183,-0.0275,0.0344,0.0082,0.0078,-0.0033,0.0207,-0.0113,0.0131,0.0196,-0.0038,-0.0003
0,0,1.0416,-0.0141,0.0011,0.0155,0.0152,0.0245,0.0059,-0.019,0.0152,-0.0174,-0.0319,-0.007,-0.0089,0.0016,-0.0224
5,5,-0.158,0.011,0.0826,-0.0064,0.0435,0.8875,-0.0215,-0.0144,0.0523,0.1773,0.0114,-0.0542,-0.0051,0.0294,-0.0369
4,4,-0.0853,-0.0665,-0.005,-0.0269,1.0508,-0.0695,-0.0076,0.101,-0.0111,0.066,-0.0513,-0.0095,0.0332,0.0604,0.0211
9,9,0.1846,0.1572,-0.0215,-0.025,-0.188,-0.0222,0.2526,0.2683,0.1272,0.4547,-0.1132,-0.0274,-0.0569,-0.0049,0.0136
2,2,-0.1144,0.0373,0.939,-0.0273,0.1004,0.0056,0.0843,-0.0531,0.0445,-0.047,-0.0263,-0.015,-0.0408,0.095,0.0175
0,0,1.0074,-0.0122,0.0002,0.0057,-0.0332,0.0031,0.0032,0.016,0.0007,0.0082,-0.0164,0.0108,0.0066,-0.003,0.0027
0,0,1.0449,-0.0448,-0.0024,0.0068,0.0738,-0.0045,0.0108,-0.0164,-0.0008,-0.0045,-0.0094,-0.0025,-0.0283,-0.0175,-0.0052
0,0,0.9507,-0.0136,-0.0058,0.0209,-0.0086,0.021,0.0165,-0.0049,0.0024,0.0063,0.0026,0.0131,-0.0052,-0.0006,0.0052
0,0,1.0218,0.0094,-0.0032,-0.0196,0.0222,-0.0298,0.0164,-0.0208,-0.0137,-0.0066,-0.0056,-0.0079,-0.0208,0.0235,0.0346
0,0,1.0374,-0.0093,-0.0103,0.0048,-0.0026,-0.0406,0.0288,-0.0101,0.0054,-0.0051,-0.0002,0.007,0.0026,-0.0015,-0.0061
0,0,1.037,-0.0042,0.0081,-0.0098,0.0017,-0.0376,-0.0171,0.017,-0.0037,0.0024,-0.0128,0.0055,0.0107,-0.0014,0.0047
8,8,0.0959,-0.083,0.0651,0.1522,-0.1248,0.0582,0.0262,0.1224,0.7912,0.0185,0.0101,0.0145,-0.0625,-0.0812,-0.0025
6,6,-0.0611,-0.1343,0.1284,0.0108,0.0029,0.0821,0.7933,0.0423,-0.0394,0.0428,0.0771,-0.0021,0.008,-0.0702,0.1191
0,0,0.982,-0.0282,0.0109,-0.0032,0.0805,0.0001,0.0025,-0.0014,-0.0603,0.0013,0.0005,0.0077,-0.0102,0.0181,0.0001
0,0,0.9903,-0.0259,-0.0195,0.0213,-0.006,0.0398,-0.019,-0.0017,0.0379,0.0084,-0.0161,0.0457,-0.05,0.0009,-0.006
0,0,0.7935,-0.0204,0.0409,-0.0044,0.1194,0.0352,0.0245,0.0465,0.004,-0.0372,-0.0087,-0.0058,-0.0121,0.0355,-0.011
11,11,-0.0016,-0.0088,0.0412,0.0603,0.0669,0.0111,-0.0455,0.0258,-0.0545,0.0849,-0.005,0.8336,0.075,-0.1007,0.0163
0,0,1.0655,-0.0177,-0.0201,-0.0112,-0.0088,-0.0539,0.0179,-0.0053,0.0021,0.0119,0.0189,0.0132,-0.0145,0.0068,-0.0045
0,0,0.9861,-0.028,-0.0354,0.0218,-0.0321,0.0319,0.0228,0.0561,-0.0359,0.0702,-0.0307,-0.0281,-0.0294,0.0192,0.0114
1,1,0.0027,1.1765,0.015,-0.0176,-0.0367,0.0042,-0.0655,0.026,-0.0131,-0.0597,-0.0335,-0.0045,0.0322,-0.0184,-0.0077
10,10,0.0101,0.0395,0.1047,-0.0134,-0.0259,-0.2265,-0.0052,0.0224,-0.0677,-0.0406,0.926,-0.0086,0.0829,0.1789,0.0253
8,8,-0.078,0.0165,0.021,0.0278,0.0234,-0.0254,0.0111,0.0132,0.543,0.1401,0.0187,0.1668,0.0259,0.0885,0.008
0,0,0.7793,0.2293,-0.0297,0.0299,-0.104,0.0868,0.0075,0.0301,-0.0224,-0.035,-0.0009,0.0424,-0.0207,0.0102,-0.0035
4,4,0.2939,0.102,-0.061,0.0309,0.7381,-0.047,-0.0327,0.0086,-0.016,-0.0317,0.0059,0.0026,0.0245,-0.0452,0.0272
10,5,-0.2907,-0.0781,-0.0317,0.1171,0.0167,0.6977,0.2559,-0.0334,-0.0618,-0.0294,0.5453,-0.0153,-0.0247,-0.0405,-0.0274
0,0,1.0748,0.018,-0.0072,-0.0341,-0.0202,-0.0395,0.0061,-0.0124,0.0212,0.003,-0.0053,-0.0087,0.0118,0.0012,-0.0089
0,0,1.0356,0.0023,-0.0201,0.0531,-0.021,-0.0577,0.0063,0.0007,-0.0146,-0.0019,0.0185,-0.0191,0.0097,0.0027,0.0049
2,2,-0.0377,0.0181,1.0126,0.0391,0.0222,0.0317,-0.0289,-0.0308,-0.0802,-0.022,-0.0095,-0.034,-0.0224,0.1292,0.012
2,2,0.2654,-0.0868,1.0281,-0.0942,-0.0565,-0.1063,0.0838,-0.0022,-0.0483,0.0425,0.0745,0.0182,-0.0264,-0.0639,-0.0277
0,0,0.9435,-0.0225,-0.01,0.0135,-0.0262,0.0989,-0.0173,0.0244,-0.0009,0.0031,-0.0198,0.003,0.0094,-0.011,0.0117
5,5,-0.3841,0.0752,-0.0197,0.0029,-0.0261,0.994,0.1229,0.0036,-0.0087,0.0243,0.2037,-0.0047,-0.0746,0.0671,0.0248
0,0,0.9393,-0.0163,0.0221,-0.005,0.055,0.0427,0.002,-0.0177,-0.0169,0.0196,0.0197,-0.0136,-0.0376,-0.006,0.0128
1,1,-0.0789,0.9493,-0.0699,-0.0488,-0.039,-0.0347,0.1372,-0.0008,0.0766,0.0681,-0.0027,0.0212,0.0279,-0.0137,0.0085
0,0,0.916,0.048,-0.0016,0.0007,-0.0367,0.0379,-0.0034,0.001,0.0076,0.0321,0.0095,-0.0005,-0.0085,0.0002,-0.0026
4,4,-0.0374,0.1244,0.0202,0.0279,0.7074,0.0333,0.2484,0.0382,-0.0304,-0.0818,0.0573,0.0121,-0.0698,-0.031,-0.0193
0,0,0.9905,0.0164,-0.0045,0.0148,-0.0137,0.0151,-0.005,-0.0149,0.0159,-0.0092,-0.0098,0.0083,0.0136,-0.0118,-0.0049
1,1,-0.0117,1.0025,-0.0471,0.0118,-0.0858,-0.0444,0.0675,0.041,0.0434,0.0065,0.0169,0.008,-0.022,0.0079,0.0052
0,0,1.0257,-0.001,0.0062,-0.0334,0.0307,-0.018,0.001,-0.0093,0.0045,0.0016,0.0032,0.0038,-0.0101,-0.0046,0.0001
0,0,1.0187,-0.0104,0.0387,-0.0275,0.0044,0.0187,0.0033,-0.0448,0.0257,-0.0057,0.0073,-0.0154,0.0118,-0.0178,-0.0072
0,0,0.9633,-0.0288,0.009,-0.0017,0.0227,-0.0256,0.014,-0.0009,-0.0244,-0.0237,-0.0081,-0.0092,0.0886,0.0117,0.0136
3,3,-0.0285,0.0335,0.0227,0.8666,-0.012,0.0465,0.0365,0.1888,0.0183,-0.0102,0.0002,-0.0539,-0.04,-0.0467,-0.0206
0,0,1.0168,0.0158,-0.0114,0.0171,-0.0033,-0.0322,-0.0214,0.0122,-0.0001,-0.0125,-0.0163,0.0082,0.0116,0.0102,0.0054
0,0,1.0167,0.0049,0.0202,0.0125,0.0047,-0.0153,-0.0303,-0.0235,0.0047,0.0066,-0.0017,-0.019,0.0059,0.0183,-0.0047
0,0,0.838,-0.0385,-0.0017,-0.0159,0.059,0.0615,0.0213,0.058,0.0688,-0.026,0.003,-0.0348,0.0178,-0.0161,0.0053
1,1,0.0051,0.7491,0.0038,-0.0568,-0.0535,-0.0289,-0.0222,-0.0603,-0.0437,0.3815,0.0316,0.0487,0.053,0.0032,-0.0106
2,2,-0.0299,0.068,0.4382,0.359,-0.0824,0.0177,0.0159,-0.0268,0.2741,-0.049,0.012,-0.0372,-0.0272,0.0571,0.0106
0,0,1.0543,0.0032,0.0267,0.0088,0.0079,-0.0444,-0.008,0.0089,-0.0219,-0.0034,-0.0233,-0.0026,-0.0185,0.003,0.0091
0,0,1.0119,-0.0152,-0.0189,0.0243,0.0125,0.0152,-0.0091,0.004,-0.0142,0.0009,-0.0069,-0.0116,0.0082,-0.0017,0.0006
0,0,1.0563,0.0037,0.008,-0.0058,0.011,-0.0612,-0.0007,-0.0146,0.0102,-0.0019,-0.0013,-0.0059,-0.0015,-0.0009,0.0045
0,0,0.9346,-0.0122,-0.0114,0.0609,0.0401,0.0369,-0.0432,0.0042,-0.0334,0.0261,0.0119,0.0145,-0.0426,0.032,-0.0183
0,0,1.0288,-0.0135,-0.0005,0.0053,-0.0112,-0.0342,0.0003,-0.0034,0.0088,-0.0025,0.0057,-0.0004,0.0063,0.0116,-0.0014
0,0,1.0098,0.0323,0.0169,-0.0042,-0.0195,0.0087,-0.0169,-0.0209,0.005,0.0178,-0.0133,-0.0018,0.0099,-0.0165,-0.008
0,0,1.0336,0.0222,0.0381,0.0043,-0.051,0.0019,0.0562,-0.0394,-0.0029,0.0048,-0.0225,0.0247,-0.0302,-0.0316,-0.0086
0,0,0.9947,-0.0052,-0.0043,-0.001,0.024,-0.0318,0.0059,-0.0093,0.0061,-0.0033,0.0144,0.008,-0.0034,0.0024,0.0028
0,0,1.0803,-0.0017,0.0246,0.0448,-0.0384,-0.0042,-0.0073,-0.0181,0.0404,-0.0285,-0.0331,-0.0237,-0.0336,-0.0063,0.0051
0,0,0.9604,-0.0082,-0.0436,0.0067,0.0098,0.0626,-0.0099,0.006,0.0206,0.0092,0.0284,-0.003,-0.0168,-0.0157,-0.0068
0,0,1.0157,-0.0007,-0.026,0.0197,-0.0005,-0.0246,-0.0161,-0.0303,0.0166,-0.0183,0.0124,0.0002,0.0276,-0.0077,0.032
0,0,1.0077,0.0039,0.0042,-0.0136,0.0007,0.0127,-0.0588,0.0011,-0.0146,0.0266,0.0009,0.0159,-0.0056,0.007,0.0117
0,0,1.081,-0.0248,-0.0094,0.0019,-0.0319,-0.0282,0.0103,0.0066,0.0041,0.0022,-0.006,-0.007,0.0104,-0.0168,0.0078
0,0,1.0535,-0.0375,-0.0067,-0.0047,-0.0411,-0.0222,0.0082,0.0195,-0.0169,0.0179,0.005,-0.0115,0.0135,0.0151,0.0076
8,8,-0.1769,0.1106,-0.086,-0.0121,0.4145,0.0891,0.1231,-0.0043,0.6167,-0.0295,-0.0004,-0.0063,-0.0233,-0.0515,0.0353
0,0,1.0196,-0.046,0.0154,-0.0296,-0.0198,0.0386,0.0512,-0.0051,0.0237,0.0081,-0.0366,-0.0115,0.0021,-0.0237,0.0136
0,0,0.9877,0.0164,-0.0067,0.0114,0.003,0.0083,0.0249,-0.015,-0.0001,-0.0218,-0.0148,0.0217,-0.0166,0.0021,-0.0004
3,3,-0.2645,0.0807,0.0532,0.4357,-0.0593,0.1788,0.0804,0.0386,0.1365,0.0815,-0.0291,0.0419,0.0007,0.2278,-0.0011
0,0,0.9319,0.0126,-0.0332,0.0241,0.0101,0.0245,-0.0226,0.0169,0.0651,0.0249,0.0021,0.0115,-0.0628,-0.0219,0.0168
0,0,1.0495,0.0044,-0.0459,-0.0137,-0.0075,0.0138,-0.0434,0.0061,-0.0298,0.0245,0.0057,-0.004,-0.0218,0.0455,0.0161
6,6,0.0732,-0.0248,0.0449,0.0686,-0.0143,-0.0379,0.886,-0.1068,0.0531,-0.0054,0.0553,-0.0162,-0.0528,0.0664,0.0117
0,0,0.8514,0.0105,0.0066,0.003,0.0219,0.0846,-0.0444,-0.0235,0.0363,0.0179,0.0502,-0.003,0.0042,-0.0255,0.01
0,0,0.9958,-0.0088,0.0032,-0.002,-0.0026,0.0104,0.0118,0.0149,-0.0003,0.0128,-0.011,0.0051,-0.0143,-0.0158,0.0004
4,8,-0.0822,-0.019,-0.0406,0.1219,0.2884,0.0661,0.0097,-0.0222,0.6379,0.0119,0.001,-0.0116,0.0024,0.0467,-0.0092
0,0,0.9289,-0.007,-0.0254,-0.0059,-0.0012,-0.0108,-0.0056,0.0265,0.0098,-0.0489,0.008,0.0027,0.0714,0.0512,0.0062
0,0,0.9963,0.0023,0.0179,-0.0058,-0.0048,0.0312,0.004,-0.0074,0.0012,-0.0038,-0.012,-0.0128,-0.0061,-0.0009,0.0012
0,0,0.93,0.0149,0.0184,-0.0073,0.026,0.0375,-0.0149,-0.0368,-0.0021,0.0028,0.0257,0.0099,-0.0085,0.0036,0.0008
0,0,1.0173,-0.018,0.0062,0.0157,0.0339,-0.0395,0.0052,0.0027,-0.0057,-0.016,0.0009,-0.0095,0.008,-0.0114,0.0101
8,8,-0.0084,0.0565,0.0625,-0.1246,0.0277,-0.0288,-0.1025,0.0788,0.8594,-0.178,0.2326,0.0001,0.0144,0.0622,0.0485
0,0,0.8996,-0.0196,-0.0029,0.0149,-0.0229,0.1238,0.0125,0.0061,-0.0005,-0.0075,-0.0103,0.0041,0.0158,-0.0109,-0.002
0,0,1.0443,-0.0398,-0.0047,-0.0527,0.05,-0.0846,0.0051,0.094,-0.0264,-0.0341,0.0215,0.0127,-0.012,0.0102,0.0174
0,0,1.0116,-0.0201,-0.014,-0.0007,0.0227,-0.0193,-0.0076,0.0142,0.0078,-0.0014,-0.0158,0.0079,0.0168,-0.0021,0.0
0,0,0.9954,0.0134,-0.0108,0.0125,-0.0253,0.0525,-0.0138,-0.0083,-0.0098,0.0175,0.0044,-0.0111,-0.0349,0.0145,0.0035
0,0,0.9098,-0.0331,-0.0552,0.1125,-0.0229,-0.0144,0.0336,0.0391,0.029,-0.0055,-0.0089,0.0279,-0.0021,-0.0068,-0.0036
0,0,0.8487,0.1134,0.1061,-0.0145,-0.0198,-0.0445,0.0486,0.0335,0.0218,-0.0645,-0.0162,-0.0047,0.0114,-0.0382,0.0195
9,9,0.1076,0.2359,-0.0242,-0.0723,-0.115,-0.0202,-0.1131,0.0241,-0.0379,0.7258,-0.0119,0.2873,0.0159,0.0127,-0.0144
0,0,1.1018,-0.0297,-0.0249,-0.0119,-0.0683,-0.0178,0.0085,0.0234,0.0081,-0.0047,-0.0058,-0.0103,0.04,-0.0078,-0.001
0,0,0.9648,0.0044,-0.0145,0.0081,0.0256,0.0055,-0.0124,-0.0043,-0.0088,0.0083,-0.0065,0.0224,-0.0129,0.011,0.0094
0,0,0.9675,0.0336,-0.0384,-0.0073,-0.0139,-0.0226,0.0094,0.0199,0.038,-0.0515,0.0051,-0.0017,0.0247,0.0051,0.0324
0,0,0.8929,0.0605,0.0062,0.0093,0.0211,-0.026,-0.0393,-0.007,-0.0115,-0.0257,0.0462,-0.0259,0.0316,0.0704,-0.0027
0,0,1.0012,0.0036,0.0099,0.003,0.0261,-0.0252,-0.0029,-0.0296,0.0015,0.0219,-0.0003,0.0027,-0.0121,-0.0014,0.001
0,0,0.8955,-0.0061,0.0096,-0.0318,0.0458,-0.0198,-0.0441,0.0294,-0.0032,0.0445,0.013,-0.0089,0.0112,0.0602,0.0044
0,0,1.033,-0.0149,0.004,0.0157,-0.0334,0.0248,-0.0002,0.0004,0.0076,0.002,-0.0158,0.0136,-0.0049,-0.0209,-0.0105
0,0,1.0272,-0.0184,0.0115,0.0178,0.0079,-0.0586,0.0169,0.0221,-0.024,-0.0031,0.0245,-0.0024,-0.019,-0.01,0.0077
0,0,1.0472,0.0111,0.0074,-0.0141,-0.0227,-0.011,-0.0104,-0.0102,-0.0035,0.007,0.0037,-0.0036,-0.0095,0.006,0.0026
0,0,1.0158,-0.0057,-0.01,-0.007,0.0078,-0.042,0.0261,0.025,0.0031,-0.0126,-0.0093,0.0118,-0.0023,-0.0132,0.0125
0,0,1.0267,0.0055,0.0065,-0.0127,-0.0139,-0.0151,-0.0001,-0.0053,-0.0017,0.002,0.0055,0.011,-0.0212,0.0191,-0.0061
0,0,1.0265,-0.0264,-0.0106,-0.0178,-0.0114,-0.011,0.0274,0.0109,-0.0078,-0.0101,0.0059,-0.001,0.0099,0.0167,-0.0015
0,0,0.9438,0.0025,-0.0039,0.0093,0.0241,-0.018,-0.0245,-0.0162,-0.0326,-0.0104,-0.0067,0.0457,0.0495,0.036,0.0018
0,0,0.9808,0.0425,0.0197,-0.0369,-0.0278,0.0569,-0.0189,0.0056,0.0408,0.0005,-0.0159,0.0094,-0.0281,-0.0157,-0.013
4,4,0.1612,0.0259,-0.0282,0.0046,0.8135,-0.0004,-0.0498,0.0342,0.193,-0.0078,-0.0053,-0.0382,0.0047,-0.0649,-0.0425
0,0,1.0122,-0.0257,0.009,0.0329,0.0099,-0.0043,0.0404,-0.0067,-0.0355,0.0054,-0.0353,-0.0242,0.0293,-0.0036,-0.0038
0,0,1.0301,0.0053,-0.0229,0.0506,-0.0527,0.0074,-0.021,-0.0007,0.0162,-0.0235,0.0076,0.0292,-0.0123,-0.0363,0.0229
0,0,0.9422,-0.0037,-0.0187,-0.0475,0.0828,0.0044,0.012,0.0151,-0.0016,-0.0039,0.0136,-0.0096,0.0286,-0.0146,0.0009
0,0,1.0244,0.0123,0.0017,0.0014,0.0083,-0.031,-0.004,0.0008,-0.004,0.0095,0.001,-0.0056,-0.0085,-0.0135,0.0074
0,0,1.0389,-0.0212,0.0076,0.0162,0.0121,-0.0198,-0.0046,0.0291,0.0037,-0.0286,-0.0043,-0.0059,-0.0177,-0.0121,0.0067
0,0,0.9405,0.0249,0.0073,-0.0085,-0.0447,0.1297,-0.0097,-0.0142,-0.0052,0.0112,-0.0219,0.0107,-0.0283,-0.0019,0.0094
0,0,1.0106,-0.002,0.0141,-0.0016,0.0062,0.0003,0.0551,-0.0178,-0.0131,-0.0139,-0.0139,0.0088,0.0149,-0.0309,-0.0167
0,0,0.903,0.1527,0.0208,0.0033,-0.0585,-0.0328,-0.0574,-0.0013,-0.0212,0.0599,-0.0189,0.0148,-0.0163,0.0256,0.0268
7,7,0.09,-0.0587,-0.0327,0.0064,0.0966,0.1293,-0.0126,0.8204,-0.0588,-0.0636,0.0569,0.0952,-0.0709,-0.0386,0.0409
0,0,0.9643,-0.0115,0.0025,0.0164,-0.0048,0.0786,-0.0153,-0.0343,0.0063,0.0369,-0.0307,-0.0015,-0.0041,-0.0053,0.0025
6,6,-0.0081,0.0947,0.2184,0.0505,-0.0005,-0.0009,0.6086,-0.0196,-0.0179,0.1026,-0.0336,0.0212,-0.0112,-0.0284,0.0246
3,3,0.0199,0.057,0.0704,0.7205,-0.0712,0.1118,0.0316,-0.0735,0.1071,-0.0168,-0.0625,0.0215,-0.0241,0.1226,-0.0139
1,1,-0.0963,1.1979,-0.0468,-0.0117,-0.0694,0.0528,-0.0445,0.0453,0.0346,0.0193,-0.011,0.0055,-0.0253,-0.0456,-0.0049
0,0,1.0237,0.0126,0.0368,-0.0124,-0.0014,0.0106,0.0013,-0.0267,-0.0016,-0.0231,0.0004,-0.0202,0.0049,-0.0072,0.0027
0,0,0.9919,0.0006,-0.0016,-0.0151,0.0165,0.0071,0.0017,0.0116,0.0115,0.0001,-0.0151,-0.0051,-0.0094,-0.002,0.0074
0,0,1.0005,-0.01,0.0049,0.0113,0.0198,-0.0262,0.0147,-0.0076,-0.004,-0.0112,0.0026,0.0029,0.0043,-0.0095,0.0075
4,4,-0.0019,0.0067,0.0793,-0.0674,0.8332,-0.0568,0.0902,0.0491,0.0144,0.0317,0.0044,0.0517,-0.0455,-0.013,0.0227
4,4,-0.0425,0.0061,0.0532,0.0012,1.1926,0.0271,-0.0785,0.0186,-0.0281,0.0028,-0.0518,-0.0064,-0.0795,-0.0051,-0.01
0,0,1.0495,-0.0243,0.0208,0.0014,-0.0049,-0.0245,0.013,0.0042,-0.0098,0.0082,-0.0198,0.0059,0.0078,-0.0252,-0.0021
0,0,1.0548,0.0378,0.0184,0.003,-0.0174,-0.0146,-0.023,-0.0272,0.0176,-0.0038,-0.0312,-0.0059,-0.0382,0.0161,0.0134
0,0,0.8721,0.0424,0.0356,-0.0281,0.0722,0.0133,-0.0042,-0.0098,0.019,-0.0444,0.0003,0.0251,0.0147,0.0076,-0.0155
0,0,0.9702,0.0235,0.0482,-0.0114,-0.0145,0.0363,0.0019,-0.0217,0.007,0.0116,-0.0053,-0.0052,-0.0129,-0.0322,0.0052
0,0,0.9704,-0.0156,0.0044,0.0139,0.0858,-0.0476,0.0195,-0.014,0.0122,-0.0387,-0.0095,0.0006,0.0207,0.0067,-0.0092
0,0,1.0117,-0.0005,-0.027,0.0265,-0.0008,-0.0164,0.0197,0.0027,-0.0007,-0.0337,0.0074,0.0027,0.0306,-0.0298,0.0075
0,0,1.016,-0.0337,0.0135,0.0214,0.0196,0.0005,0.0081,-0.0211,-0.0087,-0.0088,-0.016,0.0054,-0.0066,0.0129,-0.0024
0,0,0.9737,0.0914,-0.0099,0.0169,0.0291,-0.0239,-0.0406,-0.0175,0.0192,-0.0736,0.0151,-0.0212,0.0174,0.0222,0.0019
0,0,0.9934,0.0048,-0.0103,-0.0047,-0.0196,-0.033,0.0333,0.0004,0.0285,-0.0032,0.0165,-0.0146,-0.0089,0.0159,0.001
0,0,1.1808,-0.0156,0.012,-0.0031,-0.0398,-0.0187,-0.0237,-0.0276,-0.026,0.0421,-0.0257,-0.0154,-0.0036,-0.0316,-0.0041
1,1,-0.1229,1.1018,-0.0038,-0.0066,0.0639,-0.0284,0.0673,-0.0211,-0.0303,-0.095,0.0394,-0.0047,0.0355,0.0009,0.0038
3,3,-0.0873,-0.0243,-0.0125,1.2503,0.0012,-0.025,-0.0129,-0.033,-0.0388,-0.0721,0.028,0.0403,0.0151,-0.0663,0.0368
0,0,0.9769,-0.0067,-0.0159,0.0348,-0.0131,-0.0058,0.0048,0.0183,-0.0226,0.0098,-0.0208,-0.0019,0.0402,-0.0077,0.0096
0,0,0.9973,-0.0127,0.0002,0.0168,-0.0288,0.0422,-0.0021,0.0019,-0.0244,0.0138,-0.0022,0.004,-0.0178,0.0084,0.0034
7,7,-0.038,-0.142,-0.1054,0.0641,0.1472,0.0812,0.0042,0.446,0.1919,0.1828,-0.0114,-0.0058,0.1689,-0.0452,0.0618
0,0,0.9591,-0.0384,0.0138,-0.0254,0.028,0.0569,0.0119,-0.0113,0.041,0.0043,0.0188,-0.0107,-0.0001,-0.0366,-0.0116
8,8,-0.0549,0.0011,0.2421,-0.1051,0.048,-0.0431,-0.0049,-0.0051,0.8575,-0.1254,0.0756,-0.0205,0.0412,0.0772,0.0163
0,0,1.0078,-0.0068,-0.0209,0.0013,-0.0103,0.004,0.0317,-0.0019,-0.01,-0.024,-0.0106,-0.0038,0.0137,0.0088,0.0203
0,0,1.0798,0.0063,-0.017,-0.0081,0.0075,-0.0508,-0.0055,0.0042,0.0001,0.0092,-0.0105,-0.0041,-0.0021,-0.0052,-0.0041
0,0,1.0016,-0.0137,-0.0034,0.0063,0.0084,-0.019,0.0188,-0.0236,0.0184,-0.0042,-0.007,0.0052,0.014,-0.002,0.0003
0,0,0.9967,-0.0052,-0.0009,-0.0012,0.03,-0.0041,-0.0109,-0.0092,-0.0297,0.0124,-0.0106,0.0143,-0.0164,0.034,0.0004
0,0,1.0025,0.0218,0.0061,-0.0004,0.0035,-0.0402,0.0189,-0.038,0.0058,0.0093,-0.0135,-0.0291,0.0656,-0.0188,0.0059
9,1,-0.0191,0.4327,0.0512,-0.1249,-0.1699,0.1041,0.0386,0.2072,0.1836,0.2597,-0.0594,0.1106,0.0852,-0.0369,-0.0638
12,12,-0.067,-0.04,0.0596,0.0345,0.0056,0.0596,-0.0401,-0.0053,-0.0383,0.0363,-0.0436,0.0897,0.9297,0.0601,-0.04
0,0,1.021,-0.0143,0.0016,0.004,0.0206,-0.0161,0.0066,-0.0303,0.0207,-0.0108,-0.0043,0.0074,0.0021,-0.002,-0.0062
9,9,0.107,-0.0113,0.1002,-0.0408,-0.0986,0.1497,-0.0776,0.0615,0.0171,0.9478,-0.1316,0.1326,0.0009,-0.1456,-0.0113
0,0,1.0296,-0.0313,0.008,-0.0035,-0.0355,0.048,0.0456,-0.0029,0.0013,-0.0026,0.0137,-0.0186,0.006,-0.0463,-0.0114
1,1,-0.0355,0.7566,0.0525,0.0018,0.1137,-0.0347,0.039,0.0711,0.0221,-0.0349,-0.0129,0.0097,0.0167,0.015,0.0199
0,0,1.0321,-0.0159,-0.0135,0.0053,0.0245,-0.0226,-0.0185,0.0142,-0.0066,-0.0121,0.0051,0.0173,-0.0119,-0.0128,0.0154
1,1,-0.0139,0.9257,-0.0449,0.0281,0.013,0.0168,0.0361,-0.0264,0.1208,0.0096,-0.0245,0.0019,-0.0502,0.0125,-0.0038
9,9,0.2877,-0.0187,-0.0118,0.0006,-0.0714,-0.0658,-0.0943,-0.0149,-0.1113,1.1562,-0.0746,0.0834,-0.0402,-0.0236,-0.0006
11,11,0.1032,0.0037,0.0068,-0.0216,-0.0481,-0.0348,0.0537,-0.0879,-0.0683,-0.0828,0.0191,0.9648,0.1633,0.0438,-0.0145
0,0,1.0288,0.0031,-0.0001,0.014,-0.0035,-0.0582,0.0125,0.0004,-0.0035,0.0004,0.01,0.0087,-0.0016,-0.0275,0.0168
0,0,0.993,-0.007,-0.0143,0.0144,0.0122,0.0133,0.018,-0.0191,-0.0075,0.0043,-0.0118,-0.001,-0.0023,0.0108,-0.003
0,0,1.1244,-0.0014,0.0059,-0.0268,-0.0018,-0.1028,0.0039,-0.0016,0.0044,0.0031,0.0171,0.0065,-0.0216,-0.0076,-0.0018
0,0,1.0148,0.0116,0.0054,-0.0017,0.0123,-0.0073,0.0,-0.0155,-0.023,-0.006,-0.0333,0.0541,-0.0034,-0.0005,-0.0073
0,0,0.949,-0.0096,-0.0043,0.0081,-0.0036,0.0891,0.0031,-0.0059,0.0123,0.0078,-0.0198,0.0095,-0.0375,0.0168,-0.0153
0,0,1.0442,-0.004,0.0088,-0.0132,0.0193,-0.0021,0.0092,-0.0139,-0.0162,0.0066,-0.0098,-0.0052,-0.0041,-0.0105,-0.0088
1,1,-0.0111,0.7641,-0.0509,0.0735,0.0395,-0.0256,-0.0025,-0.0556,0.0604,0.2093,0.0192,-0.0499,0.0565,0.0015,-0.0284
0,0,0.9982,-0.0077,0.0082,-0.0138,-0.0138,-0.0028,-0.0009,0.0002,0.0178,0.0306,-0.0034,0.0015,-0.0002,-0.0186,0.0046
2,2,-0.0351,0.0121,1.0846,0.0026,0.0315,0.024,-0.0481,0.0318,0.0159,0.0051,-0.0265,0.0208,-0.0215,-0.04,-0.0564
0,0,0.955,-0.0165,-0.0139,0.0142,-0.0082,0.0292,0.0076,0.0005,0.0047,0.0079,-0.0168,0.0049,0.0051,0.0257,0.0005
0,0,1.0467,0.0007,0.002,-0.0109,-0.0467,-0.0129,0.012,0.018,-0.0235,-0.0345,0.0194,0.0151,-0.0128,0.0223,0.0043
0,0,0.9994,0.0118,-0.0075,-0.0011,0.0146,-0.0187,0.0076,0.0014,-0.0049,-0.0152,-0.0036,0.0121,-0.0038,0.0055,0.0025
2,2,-0.02,-0.0169,0.9939,-0.0153,-0.0543,-0.1147,0.02,-0.0215,0.0252,0.038,0.0771,-0.0082,0.0277,0.0249,0.0438
0,0,0.9233,-0.0092,-0.017,0.0141,-0.0094,0.1143,0.0095,0.0141,-0.0087,-0.0124,-0.0051,-0.0072,-0.0211,0.0053,0.0094
2,2,0.0736,-0.0845,0.6057,0.046,0.0496,0.0145,0.0073,-0.0067,0.2063,0.0233,0.0347,0.1,-0.0265,-0.0498,0.0072
3,3,-0.0572,-0.0372,0.0134,1.0384,0.1141,0.0868,-0.0455,0.0249,-0.0616,-0.0114,0.0082,0.0487,-0.0825,0.0053,-0.0443
1,1,0.0691,0.8608,0.0175,0.018,0.1198,-0.0266,-0.0696,-0.033,-0.0061,0.0725,0.0137,-0.0109,0.0059,-0.0356,0.004
0,0,0.993,0.0132,-0.0283,-0.0069,-0.0114,-0.0013,0.0168,0.0177,0.003,-0.014,-0.0142,0.0041,0.0092,-0.0006,0.0196
12,12,0.2201,-0.0338,0.0301,-0.0782,-0.0531,0.0069,-0.0093,0.0172,0.0093,0.0703,-0.0339,-0.0277,0.8763,-0.0116,0.019
4,4,0.128,0.0533,-0.0203,-0.0718,0.9166,-0.1515,-0.1029,0.0099,0.0913,0.0681,0.0917,0.0158,-0.0122,-0.029,0.014
0,0,0.8649,0.0378,0.001,0.0247,0.0903,0.0472,0.0324,-0.0248,0.0029,-0.015,-0.0302,0.0163,-0.0138,-0.0222,-0.0114
0,0,1.0919,0.0117,-0.0619,-0.0151,0.039,-0.0969,-0.0358,-0.0401,-0.0196,0.0182,0.0253,0.0387,0.0195,0.0066,0.0186
0,0,0.9981,0.0287,-0.0173,0.0376,-0.0125,-0.025,0.0016,-0.0323,-0.0147,-0.0346,0.0235,0.0186,0.0041,0.0229,0.0008
3,3,-0.121,0.0144,-0.0925,0.8864,0.0358,0.2048,-0.0619,-0.098,0.0119,-0.0722,0.0206,0.077,0.1905,-0.0209,0.0253
0,0,1.0463,-0.0363,0.0223,-0.0099,-0.0086,-0.0079,-0.0134,-0.0043,0.0181,0.0241,-0.0179,0.0096,-0.0047,-0.02,0.0024
0,0,0.9867,0.043,-0.0313,0.0163,-0.0476,-0.0456,0.051,-0.0058,0.0172,-0.0124,0.0375,-0.0077,0.0115,-0.03,0.0176
0,0,0.8555,-0.0204,0.0351,-0.0514,0.0307,0.1713,0.0016,0.0349,-0.0068,-0.0332,0.0055,0.0472,-0.0464,-0.0364,0.0123
0,0,1.0158,-0.0101,0.0263,-0.0148,-0.0122,-0.0081,0.0011,0.014,0.0124,-0.0154,-0.01,0.0035,-0.0112,0.0096,-0.0012
0,0,1.1073,-0.0095,0.0011,-0.0087,-0.0263,-0.055,-0.0048,0.0293,-0.0116,-0.0065,0.001,-0.0098,-0.0109,-0.0084,0.0129
0,0,0.9709,0.0283,0.0094,0.0143,-0.037,0.0382,0.013,-0.0125,0.0219,0.0025,0.0164,0.0273,-0.0442,-0.0399,-0.0092
0,0,0.8615,0.0168,-0.0237,0.0166,0.0617,0.1316,-0.0569,0.0332,-0.009,0.0178,-0.0123,-0.0373,-0.0121,0.0222,-0.0103
0,0,1.0711,-0.0312,0.0034,0.0062,-0.0031,-0.0487,-0.0043,0.0234,-0.0147,0.0096,0.0026,0.0075,-0.0166,-0.0015,-0.0038
1,1,0.0031,1.1105,0.0076,0.017,-0.0465,-0.0411,-0.0131,-0.0443,0.0285,-0.0062,-0.0129,-0.0232,0.0001,0.0022,0.0179
0,0,0.9502,0.037,0.0024,-0.0196,0.0016,0.0308,-0.0102,0.0026,0.0011,0.003,0.0007,0.0058,0.0146,-0.0207,0.0005
0,0,1.0467,-0.0084,-0.0011,0.011,-0.0315,-0.0346,0.0268,0.0052,-0.0305,-0.0002,-0.0021,0.0074,-0.0181,0.0313,-0.0018
0,0,1.052,0.0009,0.0148,-0.0226,-0.0244,-0.0165,0.0106,0.0089,-0.0121,0.0034,-0.0095,0.0133,-0.0064,-0.0044,-0.008
1,1,0.0126,1.0273,-0.0283,0.0161,-0.0717,-0.0175,-0.0106,0.0522,0.0251,-0.0339,0.0078,0.0295,-0.0274,0.0069,0.0117
0,0,1.052,-0.008,0.0089,-0.0037,-0.0323,0.001,-0.0078,-0.035,0.0241,0.0143,-0.0018,-0.0041,0.0025,-0.0179,0.0076
0,0,0.956,-0.0108,0.0088,-0.0151,0.0569,-0.0185,0.0081,0.0245,-0.0081,0.0082,0.0177,-0.0157,-0.0119,0.007,-0.0069
0,0,0.8175,-0.0258,0.0072,0.0253,0.1113,0.0063,-0.0263,0.0858,-0.0153,0.0314,-0.0303,-0.0034,0.0007,0.0334,-0.017
0,0,0.9825,0.013,0.0148,-0.0115,0.0034,0.0112,-0.0015,0.0078,0.0037,-0.0345,-0.003,-0.0065,0.0241,-0.0085,0.005
0,0,1.0152,0.0226,-0.0132,-0.0136,0.0325,-0.0306,-0.0127,-0.0066,0.048,-0.011,-0.0004,0.0136,-0.0402,-0.0015,-0.0019
0,0,1.0793,0.0059,-0.0075,0.0243,-0.0151,-0.0856,0.0033,0.0161,0.014,-0.0256,-0.0056,-0.0042,0.017,-0.0143,-0.0014
0,0,1.0023,-0.0079,-0.0007,0.0083,-0.0305,0.0406,0.0063,0.0152,-0.0171,0.0124,-0.0017,0.0048,-0.0136,-0.02,0.002
8,8,0.0292,-0.0424,0.0249,0.1846,0.1186,-0.0175,-0.0028,0.1246,0.6662,0.0284,0.0028,-0.0169,-0.0266,-0.064,-0.01
0,0,0.9921,-0.0343,-0.0024,-0.0216,0.0254,-0.0294,-0.0323,0.0048,0.018,0.0287,0.0105,-0.0213,0.0441,0.0253,-0.0075
0,0,1.0197,0.0216,-0.0297,0.0,-0.0541,0.0149,0.0212,0.0387,0.0023,-0.0129,-0.0035,-0.0104,-0.0112,0.0015,0.0018
0,0,1.0571,-0.0083,-0.0111,-0.0033,0.0009,-0.0441,-0.0033,-0.0003,0.0122,0.0055,0.002,0.0023,0.0,-0.0039,-0.0057
3,3,-0.0712,-0.0067,0.0412,0.7834,-0.0845,0.0443,0.0199,0.2386,0.0533,-0.0481,-0.0137,0.0131,0.0298,-0.0176,0.0182
6,6,-0.0467,0.3142,-0.0844,-0.008,-0.0099,-0.0147,0.6729,-0.0733,0.0947,0.2313,-0.029,-0.0698,0.0345,0.0019,-0.0132
9,9,0.0428,0.1085,-0.0793,0.015,0.0288,0.1588,0.0684,0.1619,-0.0019,0.59,-0.0358,-0.05,0.0325,-0.0339,-0.006
0,0,0.9566,0.0191,-0.0064,0.0269,0.0429,0.0338,-0.0004,-0.0344,0.0057,0.0048,-0.0271,0.0143,-0.0285,-0.0077,0.0002
0,0,0.9482,0.0139,0.0299,-0.0089,-0.0129,0.0384,-0.026,0.0274,-0.0284,0.0232,-0.0099,-0.0126,-0.0038,0.0156,0.0057
0,0,1.0249,-0.0022,-0.0072,-0.003,0.0064,-0.0088,-0.008,0.0185,-0.0034,0.0252,-0.0332,0.0038,-0.0269,-0.002,0.0158
0,0,1.0428,0.0237,-0.0288,0.013,-0.0137,-0.0429,0.0249,0.0001,-0.0,-0.0166,0.0198,-0.0238,0.025,-0.0057,-0.0175
1,1,0.0682,0.9318,-0.0535,0.0232,-0.0613,0.0419,0.1455,-0.0521,0.0192,0.0193,0.0158,-0.0176,-0.05,0.017,-0.0472
7,7,0.0061,0.0289,0.0146,0.1204,-0.0042,0.0436,-0.0785,0.9476,-0.0753,0.0001,0.0249,0.0204,-0.035,-0.0034,-0.0095
2,2,-0.0207,0.0857,0.9221,-0.0091,-0.0236,-0.054,0.0136,-0.0241,0.0857,-0.0667,0.0191,0.0606,-0.009,0.0001,0.0198
0,0,1.0536,0.0117,-0.0041,-0.0073,-0.0296,-0.0062,-0.0011,0.0103,-0.0002,0.0038,-0.0206,0.0291,-0.029,-0.0169,0.0064
0,0,1.0564,0.0072,-0.0068,-0.0518,-0.0046,-0.0603,-0.0182,0.0111,0.0247,0.0086,0.0134,-0.0141,0.031,-0.0048,0.0085
0,0,0.8876,-0.0351,-0.0024,0.0177,-0.0461,0.1511,0.0053,0.0117,-0.027,-0.0116,0.0077,0.025,0.0032,0.0205,-0.0073
0,0,1.0102,0.0222,0.0165,-0.0297,0.0047,-0.0321,-0.0204,0.0189,0.0005,0.0274,0.0034,-0.0222,0.008,-0.0109,0.0036
0,0,0.9044,0.0524,-0.0237,0.0295,-0.0416,0.0322,0.0175,0.0309,-0.0078,0.0331,-0.0052,0.0047,-0.0433,0.0179,-0.0016
0,0,0.9688,0.0117,-0.0155,0.0152,0.0127,0.0438,-0.0032,-0.0036,0.0047,0.0002,-0.0169,-0.0063,-0.0125,-0.0272,0.0283
0,0,1.0536,0.0056,-0.0223,-0.0185,0.0409,-0.0407,0.015,-0.0128,0.0235,-0.0139,-0.006,0.0128,-0.0371,0.0085,-0.0091
0,0,1.0226,0.0158,0.0122,-0.0205,-0.0468,0.0067,0.0117,-0.0131,-0.01,0.0035,0.0154,-0.0184,0.021,-0.0077,0.0075
0,0,1.0326,-0.0111,0.021,-0.0032,0.0247,-0.0173,-0.0354,-0.0021,-0.0096,-0.0004,0.0207,-0.0064,-0.0145,-0.0071,0.0086
1,1,0.0022,0.8639,0.0313,0.0468,0.035,0.0122,-0.0944,-0.0014,-0.0177,0.1794,-0.0374,-0.021,-0.0133,0.025,-0.0108
0,0,0.9872,0.0101,-0.0127,0.002,0.0205,0.0222,-0.0093,-0.0181,-0.0204,-0.0002,-0.0076,0.0167,0.006,0.0101,-0.0065
0,0,1.08,-0.0139,-0.0144,0.0052,-0.017,-0.0446,0.0074,-0.0053,0.0079,-0.0052,-0.0167,0.0049,0.0148,0.0147,-0.0176
0,0,0.9507,0.0532,0.0061,0.0003,0.0159,0.0168,-0.0091,0.0111,0.0054,0.0068,-0.0137,-0.018,0.0045,-0.0164,-0.0136
0,0,0.8553,-0.0105,0.0171,0.018,0.0422,0.1369,-0.0397,0.0023,-0.0123,-0.0215,-0.0384,0.0084,0.0537,0.0037,-0.0154
0,0,1.0516,-0.007,-0.0042,0.0063,0.0118,0.0032,-0.0133,-0.0104,0.0101,0.0176,-0.0174,-0.0266,-0.0202,-0.0125,0.011
0,0,1.0061,0.0109,0.0065,0.0088,0.0003,-0.0128,0.02,-0.0016,-0.0168,-0.0014,-0.0118,-0.003,-0.0103,-0.0029,0.008
0,0,1.0883,0.0226,0.0079,0.0042,-0.0344,-0.0208,-0.0062,-0.0056,0.0187,-0.0094,-0.0004,-0.0163,-0.0242,-0.018,-0.0066
0,0,0.9317,0.0127,0.0151,-0.02,0.0296,-0.0606,-0.0386,0.0711,-0.0163,-0.0048,0.0598,-0.058,0.0227,0.0123,0.0429
1,1,-0.0684,1.1648,0.0217,0.0106,0.0367,-0.0162,-0.0207,-0.0267,0.0155,-0.1026,-0.0011,0.0087,0.0104,-0.0504,0.0173
8,8,0.0113,-0.1138,0.1938,0.3794,0.0562,0.0015,-0.0088,0.0326,0.4343,0.1522,-0.0009,-0.0542,-0.0464,-0.0259,-0.0121
4,4,0.0032,-0.0808,0.0244,0.008,1.3118,-0.0723,-0.0981,-0.1347,-0.0367,0.0188,-0.0498,0.0976,0.0189,-0.0447,0.0348
4,4,-0.1278,0.0521,-0.018,0.0047,1.1485,-0.046,-0.0449,-0.0272,-0.0472,0.027,0.0409,-0.036,0.0451,0.0067,0.0217
0,0,0.9988,0.0009,0.0084,-0.0102,-0.0028,-0.012,-0.0091,-0.0212,0.0239,-0.0155,0.0155,0.0044,0.0122,0.0094,-0.0026
1,1,-0.0376,1.1753,-0.0364,0.0003,-0.2222,0.0173,-0.0185,0.0656,0.0818,0.0348,-0.0054,-0.0189,-0.0646,0.0304,-0.0013
9,9,0.1399,0.17,0.0257,-0.0573,-0.0231,-0.1172,0.0267,0.0676,0.0464,0.7301,0.0583,-0.0733,-0.0124,0.043,-0.0256
5,0,0.5425,0.0189,0.0303,-0.0233,-0.0107,0.4641,-0.0305,0.0204,-0.0282,0.0424,0.023,-0.0168,-0.0297,-0.0076,0.0047
0,0,1.0089,0.0158,-0.0013,0.0143,-0.0239,0.0256,0.0035,-0.0122,0.0001,0.0007,0.0035,0.0153,-0.0429,-0.0036,-0.0043
7,7,-0.1418,-0.0837,-0.0605,0.1688,-0.0243,0.0441,0.0212,1.1248,-0.0407,-0.0547,0.0527,0.0077,0.0238,-0.0381,0.0004
5,5,0.0515,0.0303,-0.037,0.0047,-0.0362,0.8467,-0.0092,0.0301,-0.0109,0.02,0.0362,-0.0217,0.0795,0.0286,-0.0128
0,0,1.0095,-0.0318,-0.0124,0.006,0.0121,-0.0179,0.0364,0.0024,0.0189,-0.0215,-0.0006,-0.004,0.018,-0.0073,-0.0082
0,0,0.9242,0.0046,0.0205,-0.0026,0.0527,0.0462,0.0148,0.022,-0.0237,-0.0281,0.0012,-0.0004,-0.0116,-0.0275,0.0077
0,0,1.016,-0.0182,0.0082,-0.0097,0.0233,-0.0295,0.0052,-0.006,0.0083,0.0122,-0.0021,-0.0051,0.008,-0.0023,-0.0083
0,0,1.0375,0.0217,-0.0375,0.0362,-0.0093,-0.0494,0.0073,-0.0045,-0.0087,-0.0063,0.0149,0.0043,-0.005,-0.0045,0.003
0,0,0.8743,0.0517,0.0186,-0.0275,0.09,0.0534,-0.0133,-0.0683,-0.0269,0.009,0.0104,0.0109,-0.0066,0.0164,0.0079
0,0,0.9953,-0.0011,0.014,0.0065,0.0454,-0.0482,-0.004,-0.0115,0.0017,-0.0078,0.0205,-0.007,-0.0018,-0.0043,0.0026
3,3,0.0112,0.029,-0.0106,0.9325,0.0188,0.0345,-0.0146,0.1156,-0.0657,-0.0087,0.0006,0.0056,-0.0413,-0.0337,0.0263
7,7,0.0063,-0.1023,-0.0008,0.1048,0.2253,0.0474,0.0202,0.7116,-0.0177,-0.0204,-0.0476,0.0473,0.0121,-0.0006,0.0137
0,0,0.8921,0.0288,-0.0087,-0.0001,0.011,0.1067,-0.0247,-0.0333,0.0079,0.0228,0.0165,-0.0109,0.0032,-0.019,0.0077
0,0,0.9777,0.0116,-0.0003,0.0297,-0.0025,-0.0228,0.0054,0.0088,-0.0156,0.0182,0.0055,-0.0092,-0.0071,0.003,-0.0025
0,0,0.9755,0.0095,0.0156,-0.0386,0.0841,-0.0114,-0.018,-0.0151,-0.0041,0.0067,0.0089,-0.0162,0.0061,-0.0023,-0.0005
0,0,0.9661,0.0331,-0.0045,0.0165,-0.032,0.0114,-0.0226,-0.0003,0.0146,-0.0188,0.0375,0.0042,-0.034,0.0264,0.0025
0,0,0.9967,0.0154,-0.0121,-0.0112,0.0031,0.0138,0.0003,0.0316,-0.004,-0.0259,-0.0137,-0.0002,-0.0053,0.0088,0.0022
0,0,1.0847,-0.0169,0.0017,-0.0176,-0.0041,0.0072,-0.0193,0.0126,-0.0106,-0.0014,-0.0155,-0.0031,-0.0012,-0.0094,-0.0076
0,0,1.0189,0.0247,-0.0306,0.0057,-0.0404,-0.0179,-0.0095,0.0342,-0.0028,-0.0262,0.024,0.0196,-0.006,-0.0158,0.0223
0,0,1.061,0.0272,-0.0079,-0.034,0.0001,-0.0456,-0.0056,0.0063,0.0002,0.0082,0.0078,-0.0024,-0.0086,-0.0008,-0.006
3,3,-0.1151,-0.0281,-0.0964,1.0481,0.0299,-0.014,-0.1014,0.0929,0.0449,0.0267,0.0406,-0.0714,0.0748,0.0313,0.036
0,0,1.0271,0.0019,-0.0037,-0.009,0.0134,-0.0301,-0.0226,0.0099,-0.0195,0.0105,0.0024,-0.0035,0.0015,0.0123,0.0093
0,0,0.9586,0.0084,0.0018,-0.0158,-0.0293,0.0754,0.0081,-0.019,0.0196,0.02,0.0015,-0.0003,-0.0175,-0.0178,0.006
5,5,0.1034,-0.0015,0.0062,0.0377,0.0444,0.9635,-0.0033,-0.0305,-0.0259,-0.0408,0.0149,-0.0104,-0.0419,0.0035,-0.0186
2,2,0.06,0.0178,1.1237,-0.0293,-0.0441,0.1013,-0.035,-0.0443,0.0912,-0.0224,-0.0851,0.0195,-0.0674,-0.0783,-0.0077
6,6,-0.2047,0.0444,0.0294,-0.0193,0.0711,0.012,1.118,0.0246,-0.0644,0.0359,-0.05,0.0098,0.0177,0.0016,-0.0259
0,0,0.9474,0.0475,0.0028,0.0001,-0.0124,0.0723,-0.0363,-0.0328,0.0093,0.0136,-0.0076,0.015,-0.0285,0.0108,-0.0008
0,0,0.9619,0.023,0.0132,0.0259,-0.0043,0.0013,0.0154,0.0257,-0.0395,-0.0016,-0.0038,-0.0029,-0.0181,0.0186,-0.0143
0,0,1.0003,-0.0056,-0.0076,0.0159,-0.0055,-0.0095,0.0005,-0.0189,-0.0031,0.0055,-0.0025,0.0181,-0.0008,0.0121,0.001
0,0,1.048,0.0109,-0.0075,-0.0137,0.0079,-0.0488,0.0015,-0.0271,-0.0011,0.0026,0.0204,-0.0102,0.0139,0.0046,-0.0013
0,0,1.0001,-0.0189,0.0078,0.0311,0.0305,0.0305,-0.018,-0.0303,0.002,0.0028,-0.0218,-0.0035,-0.0066,-0.0118,0.0065
7,7,0.034,0.0061,-0.0483,0.1064,0.0176,0.0826,0.0317,0.748,0.016,-0.0006,0.0345,0.041,-0.0746,0.0017,0.0042
0,0,1.0517,0.0013,0.0114,-0.0097,0.0057,-0.0485,-0.0093,0.0058,0.0154,-0.0169,-0.0168,0.0093,0.0133,-0.0155,0.0023
0,0,1.0332,0.0373,-0.01,-0.0061,-0.0406,0.0186,0.0103,-0.0211,0.0013,-0.005,0.0107,-0.012,0.0073,-0.0175,-0.0066
0,0,1.0139,0.0029,0.0025,0.0049,-0.0053,-0.0283,0.0047,-0.0264,0.0036,0.0021,0.0037,0.0022,0.0055,0.0136,0.0003
2,2,0.0127,-0.0138,1.0606,0.0512,-0.0452,0.0231,0.0398,-0.0158,-0.068,-0.0148,-0.0343,-0.0069,-0.0156,0.0144,0.0123
0,0,1.0607,-0.0006,0.004,0.021,-0.0471,0.0356,0.0166,-0.0434,0.0167,-0.0311,0.0075,-0.001,-0.0107,-0.0428,0.0145
0,0,1.0058,0.0014,0.002,0.0007,0.0319,-0.035,-0.0113,0.0107,-0.0259,0.0101,0.0233,-0.0094,-0.0019,-0.0149,0.0122
0,0,1.0629,0.0345,0.0245,-0.0306,0.0114,-0.017,-0.0386,-0.0228,0.0151,0.0208,-0.0508,-0.0177,0.0006,-0.0123,0.0197
4,4,-0.0608,0.0915,-0.0303,-0.0335,0.9583,0.0044,0.0995,-0.0317,-0.0914,0.0064,-0.0476,-0.0158,0.1203,-0.035,0.0662
0,0,0.8951,0.0155,-0.0025,0.0226,-0.0337,0.104,0.0291,-0.0401,0.0149,-0.0326,-0.02,0.0094,0.0299,-0.0054,0.014
0,0,1.0338,0.003,-0.0047,-0.004,-0.0146,-0.0241,0.0192,0.0167,0.0021,-0.0034,-0.0141,0.0053,-0.0034,-0.0103,-0.0013
1,1,0.1212,0.8217,0.0059,0.0183,0.1215,0.0026,-0.1047,0.0146,0.0237,0.1112,-0.0226,-0.046,-0.117,0.0698,-0.0202
0,0,0.9766,0.0225,0.0128,0.0019,-0.0134,-0.0207,-0.0041,0.0024,-0.0211,0.0233,0.0175,-0.0142,0.0108,-0.0022,0.0084
1,1,0.0928,0.5162,-0.0192,0.0201,0.017,-0.0239,0.0383,0.0372,-0.0673,0.218,-0.0209,-0.035,0.0311,0.2185,-0.0225
0,0,0.8863,0.0019,-0.0238,0.0163,0.0131,0.0932,0.0318,0.0156,0.0112,0.0062,-0.0246,0.0038,-0.0147,-0.0267,0.0103
0,0,0.7583,0.0579,-0.0091,-0.0005,0.0794,0.0764,-0.0005,-0.0401,-0.0137,0.002,0.1209,0.0013,0.011,-0.0308,-0.0125
0,0,0.911,0.012,-0.023,0.0049,-0.0134,0.0706,-0.0122,-0.0069,0.0229,-0.0008,0.0225,0.0,-0.0039,0.0091,0.0069
4,4,0.2825,0.0514,0.1129,0.0369,0.5688,-0.0215,-0.0449,0.1301,-0.0817,-0.024,-0.0017,0.0444,-0.0402,-0.0022,-0.0109
0,0,0.9852,-0.0115,0.0045,0.009,-0.0052,0.0549,0.0038,-0.0194,0.0127,-0.0245,-0.0063,0.0147,-0.0085,-0.0084,-0.0013
11,11,-0.0115,-0.0411,0.0044,-0.0514,-0.0601,0.0286,0.0317,0.0379,0.2723,0.0005,0.0061,0.8807,0.0431,-0.1082,-0.0324
2,2,0.0749,-0.0625,1.2051,-0.0568,0.0152,-0.0115,-0.0065,-0.0731,0.028,0.0346,-0.0831,-0.0246,0.0321,-0.0465,-0.0252
0,0,0.9809,0.0202,-0.0133,-0.0074,-0.0076,-0.0177,0.0117,-0.0032,-0.0001,-0.0306,0.0228,0.0214,0.0357,-0.0152,0.0027
0,0,1.0026,-0.0262,0.0081,0.0009,0.0007,0.0153,0.0023,0.0264,0.0127,0.0053,-0.0092,0.0015,-0.0352,-0.0111,0.006
0,0,0.9662,0.0627,-0.0358,-0.0065,-0.0234,-0.0022,-0.0161,0.0129,0.0328,-0.0155,-0.0098,0.0098,-0.0057,-0.0153,0.0459
0,0,1.0335,-0.0177,-0.0099,-0.0009,-0.0101,-0.0097,0.0042,0.011,0.0149,0.0051,-0.0029,0.001,-0.0243,0.0121,-0.0065
0,0,0.8583,0.1098,-0.0342,-0.0217,-0.0168,0.0058,-0.0232,0.0088,-0.0264,0.0453,0.0306,0.0671,-0.0469,0.0409,0.0023
0,0,1.0333,0.0139,-0.003,-0.0067,-0.0276,0.0084,0.0039,0.0037,0.0059,0.0035,-0.0209,-0.0037,-0.016,0.0019,0.0033
0,0,0.9672,0.0268,-0.003,-0.0361,0.0464,0.0324,-0.0075,-0.0139,0.014,0.0008,-0.0122,0.005,-0.0078,-0.0131,0.0011
0,0,0.9838,0.016,0.0009,0.0172,-0.0028,0.0177,0.0037,-0.0153,0.006,-0.0021,-0.0136,-0.0067,-0.0053,-0.0005,0.0008
0,0,0.9919,0.0491,-0.0191,0.0388,0.0161,0.0068,0.0036,-0.0291,0.0079,0.03,-0.0179,-0.0046,-0.0705,0.0024,-0.0057
0,0,1.0188,-0.0128,-0.0065,-0.0245,-0.0239,-0.0252,0.0275,0.0021,-0.0156,0.0428,0.0102,0.0049,0.0454,-0.0217,-0.0219
2,2,0.0742,-0.0135,1.1116,-0.0375,-0.0122,0.0085,-0.0181,-0.025,-0.0307,0.0687,0.0486,0.0141,-0.0057,-0.1206,-0.0622
0,0,1.0224,-0.0153,0.011,-0.0152,-0.0075,-0.0046,0.0136,0.0354,-0.0022,-0.0111,-0.0103,-0.0064,0.008,-0.0118,-0.0063
0,0,0.8679,0.0006,0.0337,0.0084,-0.0036,0.1257,0.0103,0.0017,-0.0128,0.0061,-0.0006,0.005,-0.0063,-0.025,-0.0112
0,0,1.0006,-0.0056,0.0049,0.0115,-0.0176,0.018,0.0118,0.0213,-0.0111,-0.0107,-0.0061,-0.0016,0.0039,-0.0126,-0.007
2,2,0.0027,0.0854,0.5343,0.0151,0.0469,0.2021,0.054,0.0452,-0.1323,0.0077,0.0266,-0.0719,0.0692,0.0862,0.0302
0,0,1.0525,-0.0031,-0.0119,0.016,-0.0128,-0.056,0.0068,0.0113,-0.0079,-0.0058,0.0082,0.0056,0.0074,-0.0145,0.0044
0,0,1.0201,0.042,-0.0014,-0.0058,-0.0451,0.0089,0.0062,0.0105,-0.0019,-0.0204,0.0159,-0.0072,-0.0208,-0.0163,0.0149
0,0,1.0662,-0.0064,0.0161,-0.0174,-0.0447,0.0008,0.0032,-0.0392,0.024,-0.0042,0.0112,0.0191,-0.0139,-0.0089,-0.0061
0,0,1.0008,0.0297,-0.0168,0.0043,0.0037,-0.0296,-0.0135,-0.0041,0.0104,-0.0158,-0.0041,-0.0034,0.0156,0.0317,-0.0088
6,6,-0.0132,0.0919,-0.0656,0.0136,0.0341,0.0299,1.0342,0.0163,-0.0854,-0.0616,0.0162,0.0028,0.0046,-0.0022,-0.0161
0,0,1.0438,0.0061,-0.0036,-0.0018,0.0018,-0.0694,-0.0035,0.0068,0.0141,-0.0282,0.0159,0.0017,0.0011,0.013,0.0019
0,0,1.034,0.0275,-0.0033,-0.0064,-0.0206,-0.0134,-0.0105,-0.0056,-0.0134,-0.0014,0.006,-0.003,0.0104,0.0001,-0.0004
0,0,0.9921,0.0029,-0.0262,0.0413,0.0305,-0.0403,0.0058,-0.0102,-0.0171,-0.0115,-0.0162,0.006,0.014,0.0431,-0.0135
0,0,0.9121,0.015,-0.0205,0.0069,0.0326,0.0337,-0.0052,0.0116,-0.0188,-0.0172,0.0202,0.004,0.0152,0.0034,0.0072
8,8,-0.087,-0.0741,-0.0894,0.0727,0.152,0.0577,-0.0206,-0.0068,1.0853,-0.0291,0.0798,0.0254,-0.1131,-0.0366,-0.0165
0,0,1.0147,0.0203,0.0005,0.0028,-0.0341,-0.033,-0.0002,0.0152,0.0081,-0.0127,-0.001,-0.0026,0.0099,0.0043,0.0078
0,0,0.8736,0.0267,-0.0563,-0.0377,0.0024,0.0178,-0.0428,0.003,0.0115,0.0224,0.1419,0.0067,0.048,-0.0233,0.0066
0,0,1.0283,0.0089,0.0021,-0.0207,0.0036,-0.0396,-0.0054,0.0258,-0.0134,-0.0025,0.0376,-0.0027,-0.0153,-0.0077,0.0005
1,1,-0.0451,1.1026,-0.012,-0.0158,-0.0315,0.0454,0.0114,0.0171,0.0044,-0.0325,0.016,-0.0164,-0.0123,-0.0358,0.0045
0,0,0.8994,0.1691,0.0444,0.0084,-0.0281,-0.0395,-0.033,0.0126,0.0422,-0.0066,0.0023,0.0089,-0.0524,-0.014,-0.0142
0,0,0.879,0.0116,-0.0318,0.0179,0.0531,-0.0495,0.0504,0.0338,0.0178,-0.006,0.0345,-0.0158,0.0215,-0.0014,-0.0156
0,0,0.998,0.0024,0.0054,0.0139,0.0313,0.0647,-0.0005,-0.0254,-0.0245,-0.0141,-0.0059,0.0106,-0.0172,-0.0299,-0.0082
0,0,1.0154,-0.0169,-0.0145,-0.0013,0.0037,0.0064,0.0019,0.0116,-0.0061,0.0079,-0.0152,0.001,0.0008,0.0008,0.004
0,0,1.1042,0.0306,0.0085,0.0201,-0.0605,-0.0567,0.017,-0.0207,-0.0297,-0.0108,-0.007,0.0041,-0.0186,0.0096,0.0097
0,0,0.9896,0.007,-0.0017,0.0252,0.0098,0.008,0.0006,-0.0329,0.0063,-0.0181,-0.0141,0.0027,-0.008,0.0381,-0.0127
1,1,-0.0508,0.7589,-0.0301,-0.0087,-0.0298,-0.0257,0.2204,0.078,-0.0294,-0.0205,-0.0052,-0.0035,0.0397,0.1108,-0.0047
0,0,0.972,-0.0028,-0.0564,0.046,-0.0424,-0.0414,-0.0125,-0.0245,0.0225,0.042,0.0313,0.0206,0.0071,0.0462,-0.0067
1,1,0.0393,0.9852,0.0158,0.0019,-0.0027,-0.0373,0.0556,-0.0084,-0.0378,-0.0392,0.0385,-0.0099,-0.0159,-0.0024,0.0169
2,2,0.0525,-0.0486,0.9228,0.0402,-0.0419,-0.0055,0.0716,-0.0105,0.0662,-0.0318,-0.0237,0.0136,0.0093,-0.0517,0.0377
0,0,0.9569,0.01,0.0181,-0.0029,0.041,0.0098,-0.0524,-0.0429,-0.003,0.0278,0.0311,-0.0218,0.0103,0.0171,0.0012
1,1,-0.0386,1.1758,0.0039,0.0023,-0.0798,-0.0254,-0.0801,0.0521,0.007,0.0203,-0.0178,-0.0003,-0.0007,-0.0074,-0.012
0,0,1.0024,0.0176,0.0047,-0.0228,-0.0067,-0.0097,-0.0096,0.0111,0.0098,-0.0002,-0.0006,-0.0125,0.0047,0.0022,0.0095
0,0,1.0356,-0.0115,-0.021,0.016,0.007,-0.0332,0.0242,0.0009,-0.0008,0.0053,0.0023,-0.0163,-0.0005,-0.0095,0.0013
0,0,1.0487,0.0102,0.0068,0.0171,0.0153,-0.0334,-0.0223,-0.0079,-0.0151,-0.0253,-0.0162,0.0097,0.0162,-0.0064,0.0031
0,0,0.9925,-0.0035,-0.0272,0.0149,-0.006,-0.0132,0.0145,0.0376,-0.0159,-0.0064,-0.0064,-0.005,0.0041,0.0004,0.0201
2,2,-0.0313,-0.0254,0.9683,0.0739,0.0272,0.0508,0.0586,-0.1099,-0.003,0.0732,-0.0342,-0.0326,-0.0225,-0.0127,0.0193
0,0,0.771,0.0742,-0.0127,-0.0254,-0.0423,0.0503,-0.0085,-0.0129,-0.0016,-0.0428,-0.0102,-0.0131,0.245,0.0174,0.0117
2,2,-0.0462,0.06,0.7532,0.1229,0.1028,-0.0075,0.0138,0.0006,0.009,0.019,-0.0147,0.009,0.0036,-0.0033,-0.0224
1,1,0.0077,0.7881,-0.05,0.1051,-0.0987,-0.0778,-0.0198,0.0349,0.1645,-0.016,0.0798,0.0013,0.1126,-0.0539,0.023
0,0,0.9819,-0.0018,-0.0055,0.0258,0.0148,0.0056,-0.0164,-0.0056,-0.0062,0.001,0.0001,0.0085,-0.0027,0.0068,-0.0064
0,0,0.9819,0.0229,0.0017,-0.0102,-0.0055,0.0076,-0.009,0.0208,0.0091,0.0143,-0.008,0.0189,-0.0399,-0.0022,-0.0027
0,0,1.0908,0.014,0.0074,-0.0108,-0.0374,-0.0054,-0.0239,0.0055,0.0049,-0.0032,-0.015,0.0188,-0.0234,-0.0124,-0.0099
0,0,0.8114,-0.0168,-0.0053,0.1129,0.0762,0.1281,0.0114,-0.0322,0.0128,-0.0001,-0.0455,0.0015,-0.0468,0.0208,-0.0287
0,0,0.981,-0.015,0.0018,0.0178,0.0082,0.0111,0.0033,-0.0007,-0.0127,0.0077,0.0054,0.0038,-0.0076,-0.0034,-0.0007
3,3,0.2508,0.07,-0.0488,0.5391,0.0567,0.0348,-0.0378,0.2268,0.0255,0.0055,0.0373,-0.0725,-0.048,-0.0825,0.0438
5,5,0.3959,0.0437,0.0074,0.0027,0.0016,0.595,0.0022,-0.0714,-0.0018,-0.0165,-0.0012,0.0016,0.0065,0.0245,0.0093
2,2,-0.044,0.0268,1.0268,-0.0055,0.036,-0.0178,0.0204,-0.0071,0.0002,0.0118,-0.0318,0.0081,0.0013,-0.022,-0.0037
4,4,0.17,-0.0059,0.0516,-0.02,0.7766,0.0299,0.0944,0.0161,-0.046,0.0314,0.0062,-0.0173,0.0031,-0.0567,-0.0327
0,0,1.0229,-0.0476,-0.0002,0.0228,-0.0073,-0.0086,0.0127,0.0307,-0.0156,0.0137,-0.014,-0.002,-0.0091,-0.0121,0.0136
0,0,1.0479,0.0167,0.0016,-0.0406,-0.0232,-0.0215,-0.0219,0.01,0.0055,0.012,0.0059,-0.0015,-0.0027,0.0207,-0.009
0,0,1.0955,0.0021,-0.007,-0.0019,-0.0344,-0.0387,0.0325,-0.0083,-0.0089,-0.0063,-0.01,0.0121,-0.0027,-0.018,-0.0061
7,7,-0.049,0.0221,0.0294,0.0437,0.0971,0.0536,0.0019,0.9541,0.0295,-0.0021,-0.0092,-0.1324,-0.0214,-0.0153,-0.0013
3,3,0.0707,0.099,-0.0244,0.8252,-0.0896,0.0615,0.0372,0.0246,0.1147,-0.0174,-0.0548,0.0162,-0.0232,-0.0169,-0.024
0,0,0.979,0.0011,-0.0265,-0.0233,-0.0504,0.0701,0.0108,0.0458,0.0176,-0.0076,-0.0298,-0.0008,0.0017,0.0025,0.01
5,5,0.1042,-0.0142,0.0054,0.0221,-0.0766,0.8335,0.0517,0.0023,0.0383,0.1157,-0.0174,-0.0197,-0.036,0.0028,-0.0128
1,1,0.1558,0.9303,-0.007,-0.0442,-0.0096,-0.1247,0.1474,0.0262,-0.0108,-0.0678,-0.0135,-0.0115,-0.0292,-0.0271,0.0859
2,2,-0.0625,-0.0411,0.8719,0.0974,-0.0469,0.0815,0.0457,-0.005,0.0005,0.2291,-0.038,-0.0145,-0.059,-0.0036,-0.0556
0,0,0.8155,0.0123,-0.0072,0.0112,0.0363,0.0084,-0.0068,-0.0147,0.0066,-0.0214,0.0237,-0.0007,0.1097,0.0109,0.0153
0,0,1.0159,0.0267,0.03,0.0156,0.0008,-0.0255,-0.0358,-0.0101,-0.037,-0.0015,0.0054,0.028,0.0007,-0.0053,-0.0079
1,1,-0.0991,1.0846,-0.0579,0.0144,-0.0572,0.0075,-0.0561,0.0596,0.147,-0.0974,-0.0014,-0.0555,0.0262,0.0633,0.022
0,0,0.9952,-0.0051,0.0218,0.0091,-0.0158,0.0043,0.0224,-0.0311,-0.0007,-0.0088,-0.0086,0.028,0.0037,-0.0044,-0.0098
12,12,0.2831,-0.0693,0.0322,0.0746,0.0916,0.0132,-0.0733,-0.0401,-0.0445,0.1194,-0.0943,-0.0378,0.4954,0.1798,0.071
0,0,1.0091,-0.0374,0.0158,0.0587,0.025,-0.0526,0.0237,-0.0006,-0.0073,0.0018,-0.026,-0.0296,-0.0205,0.0323,0.0081
1,1,-0.0294,1.0481,0.0096,0.0291,0.0127,-0.0202,0.0252,-0.0142,-0.0504,-0.0246,-0.014,0.0067,0.0059,0.026,-0.0108
0,0,0.9645,-0.0258,-0.0225,-0.024,-0.0141,0.0596,-0.0197,0.0479,0.0031,0.0121,0.0262,-0.0281,0.0046,0.0263,-0.0101
10,10,0.0771,0.0957,-0.0706,-0.092,0.1047,-0.0531,-0.007,-0.0835,-0.0507,0.0271,1.0482,-0.0391,0.005,-0.0307,0.069
13,13,-0.1011,0.0219,0.1941,0.0315,-0.0876,0.0631,0.1386,0.0827,0.0553,0.0129,-0.0295,-0.0015,0.0179,0.5941,0.0077
0,0,1.0917,-0.0408,-0.0033,0.1003,-0.0521,-0.0193,-0.0373,0.0061,-0.061,0.0022,0.0149,0.0108,-0.0152,-0.0041,0.0065
0,0,0.9239,0.0037,-0.0258,0.0635,0.0065,0.0502,-0.0181,0.0006,0.0092,-0.0103,-0.0132,-0.0048,0.0203,0.0014,-0.0064
0,0,1.0624,0.0199,-0.0033,-0.0074,-0.0043,-0.0569,0.0188,0.0079,-0.0151,-0.0017,-0.0061,0.007,-0.0084,-0.0116,-0.0011
0,0,0.9924,0.0057,0.0063,0.0011,-0.0355,-0.0418,-0.031,0.0331,0.0103,-0.0041,0.026,0.0005,0.026,0.0002,0.0108
0,0,1.003,0.0081,0.0046,-0.0082,-0.0223,-0.0062,0.0072,0.0064,-0.0006,0.0015,-0.0043,0.0129,0.001,-0.0027,-0.0002
0,0,1.0581,0.0116,0.0297,-0.0151,-0.059,0.0001,-0.0125,0.0111,-0.0044,0.0142,0.0038,-0.0031,-0.0113,-0.0363,0.013
0,0,0.9647,0.0093,-0.0053,0.0723,0.0037,-0.0226,0.0227,-0.0044,-0.0148,-0.0337,-0.0164,0.019,-0.0088,0.0137,-0.0
0,0,1.1495,0.0352,-0.0113,0.0253,-0.003,-0.1081,-0.0092,-0.0238,-0.0103,-0.0104,0.0087,-0.0037,-0.0195,-0.0023,-0.0166
0,0,0.969,0.0088,-0.0079,-0.0084,-0.0143,-0.0065,-0.0014,0.0221,0.009,0.0014,0.0172,0.0005,-0.0163,0.0253,0.0016
0,0,1.0222,-0.0035,0.0049,0.0044,-0.0219,-0.0013,0.0022,-0.0316,0.0058,-0.0099,0.0201,0.008,-0.0047,0.0093,-0.0043
1,1,0.0234,1.0187,-0.0568,0.0272,-0.1218,0.0178,0.0532,0.0321,-0.0397,0.0564,-0.0101,0.0327,-0.0515,0.0266,-0.0083
0,0,0.814,0.0431,0.0463,-0.0014,0.0203,0.1024,0.0171,-0.0019,0.0071,0.0109,0.0159,0.0058,-0.0616,-0.0294,0.0112
11,11,0.0323,-0.053,-0.0116,-0.0617,0.0182,-0.0119,0.0152,-0.0005,-0.0176,-0.0474,0.0615,1.1423,-0.0014,-0.0684,0.0029
0,0,1.0003,0.0197,-0.0051,0.0005,-0.0199,0.0191,-0.0077,-0.0614,0.0172,-0.01,0.0177,0.0056,0.0103,0.0142,-0.0
0,0,1.0264,0.0015,-0.0149,0.0085,-0.0018,-0.0028,-0.0147,-0.0074,0.0105,0.014,0.0001,-0.0072,0.0031,-0.0243,0.0089
0,0,1.0092,0.0081,0.001,-0.0089,-0.0409,0.0096,0.0014,-0.0063,0.0113,0.0045,-0.0161,-0.0051,0.0315,-0.0013,0.0022
0,0,0.9465,-0.0196,-0.0286,0.0316,0.0217,-0.0626,0.0261,0.0205,-0.0317,0.0233,-0.0269,-0.0008,0.0704,-0.0033,0.0331
0,0,1.083,-0.0318,-0.0139,-0.029,-0.0049,-0.0826,0.0189,-0.0053,0.0065,-0.0155,0.0508,0.0183,-0.0001,-0.0054,0.0109
0,0,0.9307,-0.0459,-0.0379,0.0289,0.0389,0.0006,0.0326,-0.0135,-0.0393,0.0318,0.0172,-0.0155,0.032,0.017,0.0229
0,0,0.9313,-0.0374,0.0197,-0.0291,0.1631,-0.0057,0.0065,0.022,-0.0335,-0.0205,0.0058,-0.0235,0.0084,-0.0142,0.0067
10,10,-0.1261,-0.0004,-0.0238,0.0287,-0.0649,0.3236,-0.0281,-0.0148,-0.0425,0.0276,0.9214,-0.0287,0.0301,0.0291,-0.0312
0,0,1.0303,0.0262,0.0064,-0.0114,-0.0127,-0.0266,0.0092,-0.0137,-0.0097,-0.0008,0.0062,-0.0202,0.0267,-0.0025,-0.0072
5,5,0.3892,0.086,-0.0311,0.0299,-0.049,0.5229,0.0383,-0.0617,0.0839,-0.0454,-0.0724,0.065,0.1428,-0.0938,-0.0034
0,0,0.991,-0.0221,-0.0035,-0.012,-0.0083,0.035,-0.0029,-0.0095,0.0309,-0.0471,0.0063,0.0265,0.0005,0.0204,-0.005
2,2,-0.0825,-0.0504,0.9289,-0.0156,-0.0612,0.0225,0.0445,0.0448,0.0719,0.0183,0.0829,-0.0471,0.0538,-0.0034,-0.0062
0,0,1.0366,-0.0484,0.0135,-0.0192,0.01,0.0228,0.0025,-0.0238,-0.0024,0.0114,-0.0021,0.011,-0.0119,0.0066,-0.0066
0,0,1.0921,0.0082,-0.0026,-0.007,0.0026,-0.0463,-0.0225,0.012,-0.0116,0.0078,0.0052,0.0083,-0.0226,-0.0121,-0.0111
0,0,0.9727,0.0038,-0.0001,0.0115,0.0008,0.0372,-0.0148,0.0119,-0.0296,0.0214,-0.0077,0.0078,-0.0134,0.0031,-0.0048
0,0,0.8822,0.0508,-0.0083,0.0069,-0.0146,-0.0539,-0.0407,-0.0315,0.0396,0.0163,0.102,-0.0197,0.0233,0.0479,0.0001
0,0,1.0972,-0.0091,-0.0032,-0.0197,-0.0168,-0.0719,-0.0003,0.0355,0.0116,-0.0037,-0.0125,0.0134,-0.001,-0.0417,0.0221
0,0,0.9943,0.0055,0.0384,-0.0056,-0.0134,0.0108,0.0067,0.0002,-0.0081,0.024,-0.0076,-0.0132,-0.0128,-0.0253,0.0058
0,0,1.0118,-0.0347,-0.0159,0.0157,-0.0253,0.0075,-0.0119,0.0134,0.0115,0.0392,0.006,0.0105,-0.0113,-0.0143,-0.002
7,7,-0.1884,-0.0708,-0.0766,0.0495,0.1329,0.1569,0.2873,0.4881,0.0743,0.1084,-0.0287,0.0777,0.0374,-0.0171,-0.0311
0,0,1.066,-0.0154,-0.0069,0.0283,-0.0028,-0.0382,-0.0035,0.0257,-0.0164,-0.0332,-0.0347,0.0069,-0.0062,-0.0035,0.0343
0,0,0.9723,0.0126,-0.0195,0.022,0.02,-0.0445,0.0157,-0.0231,-0.0134,0.0117,-0.0056,0.0117,0.012,0.0149,0.0132
0,0,1.0556,-0.0229,0.0048,-0.0052,-0.0143,-0.0025,0.0062,-0.0126,-0.0077,-0.0105,-0.0087,0.0169,-0.0057,0.0018,0.0049
0,0,1.0211,-0.0256,-0.0153,0.0267,0.0119,-0.0115,0.0247,-0.0119,0.006,-0.0213,-0.0127,0.0124,-0.0081,0.0156,-0.0124
0,0,0.9595,0.0045,-0.0194,-0.0052,0.0742,0.0136,-0.0004,-0.0039,-0.0013,-0.0028,0.0004,-0.0278,0.0178,-0.0063,-0.0032
0,0,0.8913,0.0261,0.0037,-0.0217,0.0561,0.044,-0.0197,-0.0096,-0.0275,0.0151,0.0538,-0.0044,-0.0089,0.0117,-0.0104
0,0,0.7349,-0.0253,-0.0015,0.1079,0.0586,-0.0222,0.0445,-0.0341,-0.0549,0.0155,0.0269,0.002,0.0072,0.1193,0.0214
0,0,1.0347,0.0121,-0.0125,0.0236,-0.029,-0.0117,0.0101,-0.0251,-0.0155,0.0057,0.0132,-0.0137,0.042,-0.0245,-0.0096
0,0,1.0347,-0.0092,-0.0086,0.0108,-0.0307,-0.0383,0.0191,0.0191,-0.0109,0.0014,-0.0065,0.0055,0.0021,0.0098,0.0017
4,4,0.0786,-0.0824,0.013,-0.0605,0.9401,-0.0932,-0.0234,0.3238,-0.0003,-0.074,0.0138,-0.0368,0.0277,-0.0309,0.0045
0,0,0.8247,0.0055,0.0113,0.0435,0.0236,0.1406,0.011,-0.0371,-0.009,-0.021,0.0041,0.0024,0.0128,-0.002,-0.0102
0,0,1.0285,0.0005,-0.0041,-0.005,-0.0162,-0.0242,0.0143,0.0203,0.0009,0.0002,-0.0013,0.005,0.0029,-0.0234,0.0015
0,0,1.04,0.004,-0.0043,-0.0234,-0.0013,-0.0414,-0.0046,0.0004,0.0106,0.0098,-0.0123,-0.0018,0.0307,-0.008,0.002
0,0,0.9865,-0.001,0.0077,0.0068,0.0046,-0.0187,0.0249,0.0044,-0.0072,-0.0236,-0.006,0.0127,-0.0008,0.0078,0.002
0,0,1.0145,-0.0146,0.0117,-0.0147,-0.0198,0.0169,-0.0178,0.0253,-0.0081,0.0246,-0.01,0.0077,0.0189,-0.03,-0.0053
0,0,0.8658,0.0149,0.0306,0.0156,-0.0041,0.0611,0.0154,-0.0137,-0.0158,-0.0031,0.0232,-0.0032,0.0263,-0.0179,0.0048
0,0,1.0654,0.0156,-0.012,-0.018,0.0176,-0.0792,-0.0043,0.0034,-0.0308,0.0331,0.0365,-0.0157,-0.0195,0.0116,-0.0039
1,1,0.244,0.9124,0.0014,0.0132,-0.0403,-0.0026,-0.0429,-0.025,0.0097,-0.0391,-0.0545,0.0344,-0.0237,0.0155,-0.0031
0,0,1.0048,-0.0032,0.0064,-0.0167,0.0034,0.0394,-0.004,0.0019,0.002,-0.0125,-0.0148,0.0072,-0.0214,0.0139,-0.0063
1,1,-0.0465,1.1696,-0.0476,0.0049,-0.008,-0.0188,-0.0215,0.0227,0.0361,-0.1242,0.0139,-0.0118,0.0253,-0.0096,0.0158
0,0,1.0481,-0.0128,0.0005,0.008,-0.0233,-0.0136,-0.0052,0.0035,0.0045,0.004,-0.0084,0.0046,-0.0043,0.0051,-0.0105
0,0,0.9783,0.0571,0.0229,0.0047,-0.0002,0.0013,-0.0261,0.0113,0.0025,-0.0279,-0.0386,-0.0128,0.0136,0.0079,0.0059
0,0,1.0259,0.0163,-0.0122,-0.0005,-0.0134,-0.0147,-0.0033,-0.0125,0.0187,-0.0132,-0.0078,0.0027,-0.0017,0.0141,0.0011
0,0,0.9931,-0.0174,-0.01,-0.0015,-0.0136,-0.0237,0.0109,0.0109,0.0074,-0.0064,0.0059,0.0069,0.0278,0.008,0.0015
0,0,1.0529,0.0038,0.013,-0.0379,-0.0241,-0.0406,-0.0012,-0.0124,0.0543,-0.0274,-0.0098,0.0049,0.0186,0.0295,-0.0233
0,0,0.9956,0.0152,-0.0201,0.0103,-0.0374,0.0258,-0.0172,-0.0145,0.0489,0.0017,-0.0085,0.0106,-0.0142,-0.0039,0.0073
0,0,0.9699,-0.0289,0.0044,-0.0071,-0.0064,0.0689,-0.0273,-0.0065,-0.0026,0.02,0.002,-0.0151,0.0097,0.0315,-0.0127
0,0,1.0147,0.0245,-0.014,0.0005,0.0392,-0.0139,-0.0057,-0.0112,0.0244,-0.0356,0.0147,0.0005,-0.0258,-0.0114,-0.0009
0,0,0.9778,-0.0203,0.0506,-0.009,0.0361,0.0017,0.0111,-0.0245,-0.0324,0.0192,0.0028,0.0091,-0.0201,0.0017,-0.0037
10,10,0.2022,0.0511,-0.0809,-0.0574,0.1051,0.0272,-0.1074,0.0052,0.0583,0.0108,0.7339,0.0067,0.0062,0.0373,0.0018
10,10,0.0502,0.0328,0.0584,0.0893,-0.0889,-0.1976,-0.0852,0.0339,0.0319,0.0199,0.8611,0.0608,-0.0893,0.2249,-0.0021
0,0,1.0685,-0.0403,0.0333,-0.0034,0.0035,-0.0615,0.0285,0.012,0.0057,-0.0194,-0.0038,-0.0152,-0.0008,-0.0225,0.016
0,0,0.9721,0.0412,-0.0113,-0.018,0.0155,0.0657,-0.0094,-0.0247,0.0011,-0.0095,-0.0057,0.0223,-0.0222,-0.0131,-0.0037
0,0,0.9692,0.0362,-0.0133,0.0333,-0.0098,0.0005,0.0018,-0.0206,-0.0001,-0.0136,0.0209,0.0119,-0.0182,0.0053,-0.0031
1,1,0.0421,0.9691,0.0218,-0.0023,-0.0265,0.0187,0.0161,-0.0686,0.0141,0.1624,-0.0432,0.0239,-0.0726,-0.0209,-0.0334
0,0,0.9242,0.044,-0.0033,0.005,0.0768,-0.0086,-0.0092,-0.0033,0.003,-0.0257,-0.0066,0.0266,-0.0184,0.0185,-0.0231
0,0,1.0238,-0.0094,0.0025,0.0039,0.0107,-0.0237,0.0078,-0.0089,-0.013,0.0165,-0.003,-0.0044,0.0063,-0.0109,0.0018
10,10,0.0584,0.0706,-0.0216,-0.0166,-0.0783,-0.096,-0.0677,0.0285,0.0368,-0.0441,1.0909,0.0088,0.018,-0.0094,0.0221
0,0,0.9601,0.011,0.0053,0.0038,-0.006,0.0108,0.0184,0.0058,0.0168,0.0012,-0.02,-0.0299,0.0322,0.002,-0.0114
0,0,1.0443,0.0085,0.0225,-0.0222,0.0114,-0.0294,-0.0143,-0.0141,-0.0023,0.0078,0.0333,-0.0034,-0.0255,-0.0061,-0.0103
0,0,1.04,-0.0089,0.0041,-0.0056,-0.015,-0.0114,0.0097,0.0305,-0.0059,-0.0158,-0.0193,0.0094,0.0109,-0.0282,0.0057
0,0,0.8555,-0.0116,0.0895,-0.0109,-0.0297,0.0561,-0.0656,0.0165,-0.0016,0.0436,0.1015,-0.0417,-0.0595,0.0574,0.0004
0,0,0.954,0.0102,-0.0199,0.0513,-0.0597,0.0156,0.0234,0.0443,0.0017,-0.0185,0.0343,0.0001,-0.003,-0.0138,-0.0195
0,0,0.9447,0.0063,0.0052,-0.0259,-0.0199,0.064,0.0068,0.0023,0.0189,0.0058,-0.0028,-0.0093,0.0374,-0.0205,-0.0131
6,6,-0.0125,0.0265,0.2151,-0.1174,0.1829,-0.0495,0.7151,0.0874,-0.0099,0.0601,0.0261,-0.0708,0.0489,-0.0895,-0.0117
0,0,1.0213,-0.0294,0.0112,0.0072,0.0111,0.0137,0.0045,0.0162,0.0009,-0.0256,0.0029,0.0035,-0.0328,-0.0018,-0.0032
1,1,0.1203,0.8405,-0.0189,0.0352,0.004,-0.0037,-0.0114,-0.0212,0.0645,0.0101,-0.034,0.01,-0.0239,0.0519,-0.023
5,5,0.1308,0.0027,0.0254,0.0259,-0.0535,0.8374,-0.0354,0.0685,0.0073,-0.0628,0.0511,0.0146,0.0441,-0.0456,-0.0103
0,0,0.9775,-0.0002,-0.0239,0.0336,-0.0403,0.039,-0.0155,0.0079,0.0102,0.0157,-0.0066,0.0124,-0.0248,0.0021,0.0136
0,0,1.0259,-0.0103,0.0142,0.0002,-0.0299,0.0559,-0.0166,-0.0189,-0.003,-0.0067,0.0185,-0.0086,-0.0166,0.0064,-0.0111
0,0,1.0096,0.0258,0.0162,-0.0006,0.0053,-0.0288,-0.0119,-0.0316,0.0072,-0.0086,0.0052,0.0161,-0.0008,-0.0034,0.0008
0,0,0.9647,-0.0113,0.0212,-0.0297,-0.0064,0.0616,0.0274,-0.0201,0.0199,-0.0292,0.0082,-0.0055,0.0235,-0.0062,-0.0184
0,0,1.0661,0.0144,-0.0204,-0.0307,0.0101,-0.0692,-0.0258,0.0349,0.0046,-0.0117,0.0309,-0.0083,0.0182,0.0023,-0.0154
0,0,0.9127,-0.0225,-0.0221,0.022,0.1576,0.0231,-0.0156,-0.0304,0.0167,0.0497,-0.042,-0.0002,-0.0119,-0.0212,-0.0159
0,0,1.061,-0.0034,0.0004,-0.0105,0.0132,-0.0404,0.0172,0.0194,-0.0311,-0.0214,0.0033,0.0121,-0.0072,-0.0104,-0.0017
0,0,1.0732,-0.0308,0.0174,-0.0225,-0.0184,0.0167,-0.0187,-0.0017,0.0579,0.0159,0.0006,-0.0326,-0.0042,-0.0297,-0.0231
0,0,0.9742,-0.021,-0.0002,0.0006,0.0014,0.0363,-0.0096,-0.0008,0.0258,0.0152,-0.0113,-0.0057,-0.0058,-0.0008,0.0019
1,1,-0.0777,0.8682,-0.0444,0.0767,-0.028,0.0207,0.0982,-0.0104,-0.0114,0.1648,-0.0288,-0.0142,-0.0546,0.0575,-0.0168
1,1,0.0511,0.7359,0.0348,0.0647,0.1295,-0.0464,0.0329,0.0005,-0.0208,0.1111,0.0472,-0.0122,-0.0787,-0.0394,-0.0096
0,0,1.0088,-0.0351,0.0166,0.0048,0.006,0.0065,-0.0129,-0.0389,-0.0327,0.013,0.049,0.0029,0.0012,-0.0002,0.0106
0,0,0.93,-0.0737,-0.0348,-0.0328,-0.0015,0.0803,0.0273,0.0403,-0.0009,0.019,0.0208,-0.0277,0.0661,-0.0105,-0.0022
0,0,0.9012,-0.0459,-0.0233,-0.0378,0.043,0.0424,0.0171,-0.0112,0.036,0.0263,0.0297,0.0397,-0.0002,-0.0142,-0.002
0,0,1.0017,-0.041,0.0341,0.0091,0.0104,0.0225,0.0348,-0.0146,-0.0159,-0.0046,-0.0231,0.0079,0.0062,-0.0128,-0.0149
0,0,1.029,0.0288,-0.0211,-0.0006,-0.033,-0.0439,0.0082,0.0117,0.0145,-0.0224,0.0061,0.0079,0.0168,-0.0016,-0.0007
0,0,0.9917,0.0017,-0.0003,0.0092,-0.0125,0.0073,0.0165,-0.0129,0.0073,-0.0031,-0.0037,-0.0021,-0.0036,0.0092,-0.0047
0,0,0.9938,0.001,0.0028,0.0107,0.0217,0.0194,0.0027,-0.0346,0.0235,0.0011,-0.0291,-0.0013,-0.0121,-0.0017,0.002
1,1,0.1272,0.9238,0.0857,-0.0469,-0.0249,-0.0541,0.0409,-0.02,-0.0238,-0.0484,-0.0008,0.0047,0.0049,0.0226,0.0088
1,1,-0.0038,0.8431,-0.0505,0.0212,0.0657,0.0302,0.081,-0.0275,0.0131,0.0526,0.0272,-0.0302,-0.0125,-0.0083,0.0001
1,1,0.0442,1.018,-0.0241,0.0087,-0.065,0.0279,-0.0229,0.0214,0.0002,-0.022,0.0131,-0.0278,-0.0243,0.0564,-0.0036
1,1,-0.061,0.9195,0.0897,-0.0815,-0.0239,0.0415,0.1292,-0.0354,0.0707,-0.0637,-0.0177,-0.0119,0.0434,0.0259,-0.025
7,7,-0.0498,0.0457,0.0393,0.0713,0.1461,0.0006,-0.0416,0.8018,-0.0274,0.0049,-0.0228,-0.0208,-0.0426,0.0304,0.0652
3,3,-0.1107,0.0645,0.1118,1.0651,-0.0569,0.0544,-0.0549,-0.0086,0.0181,-0.0084,-0.016,0.029,-0.0148,-0.071,-0.0023
6,0,0.5009,-0.0322,-0.0407,-0.2383,-0.0302,-0.206,0.4654,0.1034,-0.093,0.0671,-0.1444,0.1043,0.1672,0.3713,0.0031
0,0,1.0333,-0.0552,-0.0225,0.0321,0.0428,-0.0236,0.0367,0.0198,-0.047,0.0162,-0.0655,-0.0166,-0.0056,0.031,0.0246
0,0,0.9749,0.0203,0.0102,-0.0148,-0.0215,0.0592,-0.0163,-0.0002,-0.0472,0.0036,0.0421,-0.0334,0.0331,0.0111,-0.0215
0,0,1.1033,-0.0227,0.0366,-0.0266,-0.0163,-0.0509,-0.0126,-0.0048,0.0059,0.0058,-0.0209,0.0074,-0.009,-0.0129,0.0175
7,7,-0.155,-0.0726,-0.0196,-0.0606,0.0544,0.0845,0.0729,1.109,0.0202,-0.0102,0.0075,0.0126,-0.0096,-0.0099,-0.0239
0,0,0.9217,0.0794,-0.0254,0.0009,-0.0781,0.0081,0.0307,0.0286,0.0089,0.0168,-0.0041,-0.0068,0.0144,0.0188,-0.0137
0,0,1.0229,0.0144,-0.0043,-0.003,-0.0077,-0.0125,0.0038,0.0046,-0.0244,-0.0051,0.0088,0.0148,-0.0193,-0.0015,0.0087
6,6,0.0773,0.0436,0.0244,0.0199,0.0151,-0.0387,0.9855,-0.009,-0.0167,-0.1071,0.0059,0.0297,-0.0265,-0.0033,0.0002
0,0,1.06,0.0103,0.0297,-0.0251,-0.0287,-0.0014,-0.0146,-0.004,-0.0111,0.0146,-0.0299,0.0123,-0.0115,0.0021,-0.003
2,2,0.0789,-0.0394,0.8956,0.0935,0.0081,-0.0451,0.0081,-0.0362,0.0559,0.0021,-0.0094,-0.0316,0.0746,-0.0697,0.0139
0,0,0.9492,0.02,0.0075,0.0086,-0.0109,-0.0109,-0.0429,0.124,-0.0277,-0.0658,-0.0157,0.0237,0.0068,0.0569,-0.0225
0,0,1.0142,0.0215,-0.0153,-0.0033,0.0157,-0.0331,0.0009,-0.0108,0.0195,-0.0169,0.0041,-0.0039,0.0068,-0.0028,0.0037
0,0,1.0414,-0.0188,0.0191,-0.0029,0.0267,-0.0384,-0.0001,0.0043,-0.0041,0.0185,-0.0197,0.0029,-0.0386,-0.0103,0.0201
0,0,1.0655,0.0339,-0.0082,-0.0061,-0.0184,-0.0356,-0.0066,-0.0007,0.0314,-0.0272,0.0046,0.0027,-0.0251,0.0034,-0.0145
0,0,0.9949,0.0119,-0.0057,0.0125,0.0646,-0.0404,0.0144,-0.0008,0.0075,-0.0133,-0.0093,0.0011,-0.0179,-0.0068,-0.0127
0,0,1.069,0.0008,0.0044,0.003,-0.0277,-0.0069,-0.0016,0.0146,-0.0424,-0.0153,-0.0036,0.0069,0.0185,-0.0048,-0.0153
6,6,-0.1106,0.0477,-0.0123,0.0071,0.1078,0.182,0.6048,0.1118,-0.0758,0.0935,0.0745,0.0257,-0.0125,-0.0139,-0.0307
0,0,0.9696,0.0215,-0.0081,-0.0256,0.0451,-0.0036,0.0044,-0.0289,0.0134,-0.0087,-0.0058,0.0119,-0.0488,0.0304,0.033
0,0,1.0175,0.0074,0.002,0.0039,0.0178,-0.0088,0.0006,-0.0007,-0.0212,-0.0072,0.0115,0.0141,-0.0291,0.0025,-0.0102
0,0,1.0005,0.0141,0.0165,-0.007,0.0031,0.0513,-0.0336,-0.0045,-0.05,0.0397,-0.0116,-0.0147,-0.037,0.0238,0.0094
1,1,0.107,0.9418,-0.0045,-0.0307,0.0066,-0.0294,-0.098,0.0298,-0.0133,0.08,-0.0117,-0.0023,0.0168,0.0121,-0.0043
4,4,0.1508,-0.0601,0.0782,-0.0186,0.6843,-0.0563,0.2199,-0.0369,-0.0877,-0.0546,-0.0448,0.0298,0.0454,0.1567,-0.0068
0,0,1.0022,0.0122,0.0529,-0.0117,0.0144,-0.0007,-0.0199,-0.0409,-0.0145,0.0487,-0.0227,0.002,0.0115,-0.0019,-0.0306
0,0,0.9636,0.0186,0.0034,0.0213,-0.0052,-0.0062,-0.0155,-0.0205,-0.0263,0.0193,0.0259,-0.0143,0.0253,0.0096,0.0005
0,0,1.072,0.0111,0.0027,-0.0028,-0.0322,-0.0269,0.0079,-0.0138,-0.0272,0.0087,0.0177,0.0058,-0.0232,0.0064,-0.0059
0,0,0.9691,0.0149,0.0146,0.0149,-0.0533,0.0438,-0.0314,-0.0005,0.024,0.006,-0.0032,0.0132,-0.0053,-0.0101,0.0029
0,0,1.0233,-0.0124,0.0148,-0.0021,0.0099,-0.0023,0.0183,-0.0107,-0.0023,-0.0063,-0.0204,0.0026,-0.0076,-0.0064,0.0015
0,0,0.7816,-0.035,0.0225,-0.0102,0.0857,0.0438,0.0496,-0.0088,0.088,-0.0622,0.0068,0.0222,0.0234,0.0059,-0.0132
0,0,1.0168,-0.0059,0.0302,-0.0053,0.0092,0.0046,-0.02,0.0,0.001,0.0058,-0.0312,0.0024,-0.0022,0.0058,-0.011
0,0,1.0564,0.0118,0.0057,-0.0103,-0.0134,-0.0037,-0.0082,-0.018,0.003,0.0049,-0.0096,-0.0049,-0.0034,-0.0021,-0.0081
0,0,0.9933,-0.0002,-0.0493,0.0437,-0.0645,0.0128,-0.0017,-0.0181,0.0212,0.0222,0.0325,0.0375,-0.0294,0.0044,-0.0051
0,0,1.0244,0.0035,0.0015,0.0282,0.0283,-0.0614,-0.0064,-0.0031,-0.0019,0.0269,-0.0147,0.0052,-0.0339,0.0209,-0.0178
0,0,0.9906,-0.0285,0.0356,0.0054,0.0231,-0.0021,0.0204,0.0149,-0.0114,-0.0019,-0.0211,0.0032,-0.0255,-0.0336,0.0311
2,2,0.0254,-0.027,0.9552,-0.0099,-0.1034,-0.0315,-0.0287,0.0743,-0.0373,-0.005,0.2279,0.0335,-0.0725,0.0234,-0.0241
14,0,0.3801,0.0221,-0.1171,0.0488,-0.0453,0.1113,0.0304,0.0402,-0.0466,-0.0008,0.0939,-0.0038,0.1977,0.0521,0.2364
0,0,0.988,0.036,-0.0248,-0.0341,-0.0027,0.0135,-0.0229,-0.0023,0.0335,-0.0121,0.0254,-0.008,0.0246,-0.0131,-0.0008
0,0,0.9372,-0.0024,0.0172,-0.0201,0.003,0.0665,-0.0058,-0.0049,-0.0005,0.0009,0.0085,-0.0018,0.0068,-0.0013,-0.0036
0,0,1.0674,0.0283,-0.0043,0.0044,-0.02,-0.0182,-0.0096,-0.0094,-0.0047,-0.0123,-0.0047,-0.0141,-0.0033,-0.0057,0.0059
7,7,0.0321,0.1923,0.0428,-0.0798,0.0489,0.0826,0.1841,0.3895,-0.0939,0.0942,0.0677,0.0635,-0.0204,-0.0431,0.0388
3,3,-0.02,-0.0118,0.0741,0.6832,-0.0459,0.1323,0.0403,0.0277,0.1119,0.1,-0.0541,0.0403,-0.0753,-0.0491,0.0459
0,0,0.9781,-0.0153,0.0081,0.0118,-0.0255,-0.0164,0.0097,0.0183,0.0017,-0.0097,-0.0199,0.0012,0.0203,0.0029,0.0344
0,0,1.0419,0.0,0.0192,0.004,-0.004,-0.0029,0.002,-0.0413,-0.0068,-0.0082,0.0031,-0.0001,0.0163,-0.0144,-0.0086
2,2,-0.0799,-0.1089,0.8676,0.047,0.0869,-0.062,0.0909,0.128,-0.0813,0.1291,0.0344,0.0222,-0.0039,-0.0627,-0.0075
0,0,0.5493,0.4194,0.0113,-0.004,-0.0203,0.1081,-0.027,-0.0153,-0.0416,-0.0076,-0.066,0.0974,-0.0668,0.057,0.0055
0,0,1.0367,-0.0122,-0.0109,0.0049,0.0113,-0.0262,0.015,-0.0041,0.0037,-0.013,-0.0081,0.0001,0.0115,-0.0025,-0.0065
0,0,0.9249,0.0226,0.012,-0.0014,-0.0421,0.1575,-0.0103,-0.0263,-0.0016,0.0342,-0.0158,-0.0029,-0.031,-0.0112,-0.0087
0,0,1.0572,-0.012,0.0037,0.0127,0.0029,-0.0378,0.009,-0.0246,-0.0046,0.0117,-0.0147,-0.007,0.005,-0.0146,0.0132
0,0,0.9853,-0.0114,-0.0067,-0.0104,0.0159,-0.0274,0.0334,-0.0023,-0.0371,0.0173,0.0126,-0.0127,0.0109,0.0029,0.0298
3,3,0.0223,0.0599,0.1476,0.6526,-0.0908,0.0303,0.0104,0.1014,0.0245,0.0405,-0.0122,0.0473,-0.0531,0.0157,0.0034
0,0,0.9782,-0.0052,-0.0367,0.0097,0.0182,0.0274,0.0006,0.0296,0.0053,-0.0227,-0.0082,0.0129,0.0076,-0.009,-0.0079
0,0,0.9195,-0.0105,-0.0167,0.1603,0.0115,0.0054,0.0171,0.0126,0.0006,-0.0223,-0.0196,-0.0136,-0.0007,-0.0439,0.0008
2,2,0.0221,0.0426,0.869,0.0164,0.092,-0.083,-0.0237,0.0928,0.0873,-0.0585,-0.0487,0.0489,0.0026,-0.0181,-0.0424
0,0,1.0226,-0.0109,0.0048,0.0237,0.0218,-0.0023,0.0141,-0.0302,-0.005,-0.0011,-0.0128,-0.0148,0.023,-0.0314,-0.0018
0,0,1.0096,0.0363,0.0103,-0.006,-0.0058,-0.0098,-0.0123,-0.0219,0.0172,0.0067,-0.0278,-0.0059,0.0263,-0.0242,0.0073
0,0,1.0242,-0.0108,-0.0198,-0.0206,0.0092,-0.0121,0.0144,-0.0074,0.0255,0.0036,0.0031,0.0128,-0.0077,-0.0112,-0.0029
0,0,1.0172,-0.0084,0.0008,-0.0022,0.0076,0.0054,0.0046,-0.0271,-0.0093,-0.0021,-0.0122,0.0101,0.005,0.0113,-0.0001
0,0,1.0198,-0.0272,0.0017,-0.01,-0.0325,0.0122,-0.0048,0.0222,0.0084,0.0119,-0.002,0.0047,-0.0107,-0.0072,0.0139
0,0,0.9776,-0.0055,-0.003,0.0047,-0.0203,0.0432,-0.0114,-0.0059,0.0029,0.042,-0.0125,-0.0097,0.0059,-0.0038,-0.0045
0,0,1.0515,0.0199,0.0147,-0.0104,0.0048,-0.0573,-0.0074,-0.0101,-0.009,0.0052,-0.0065,0.0046,0.0084,-0.0169,0.0085
1,1,0.0116,0.7469,0.0136,0.0055,0.0491,-0.028,0.0306,0.1275,-0.0711,0.1283,0.0134,-0.0074,-0.0112,-0.0025,-0.0065
0,0,1.0782,-0.0231,-0.0029,-0.028,-0.0081,-0.09,0.0117,0.0204,0.0065,-0.0234,-0.0115,-0.0129,0.0539,0.0069,0.0226
0,0,0.9206,0.0351,0.0221,-0.0039,0.0131,0.0148,-0.0052,-0.0052,-0.0035,-0.029,-0.0083,0.0005,0.0381,0.0183,-0.0076
0,0,0.9685,-0.0299,0.0158,-0.0102,0.0212,0.0116,0.0327,-0.0018,0.0183,-0.0281,0.0366,0.0122,-0.0217,-0.0218,-0.0045
0,0,0.8759,0.0028,0.0215,0.0408,0.0692,0.0488,-0.067,0.0109,-0.0287,0.0437,0.0341,-0.0427,-0.0309,0.0145,0.0067
5,5,-0.0082,0.0316,0.0139,-0.0032,-0.0324,0.9895,0.0139,-0.0283,-0.0073,0.0292,0.0464,-0.0247,0.0261,-0.0222,-0.0248
0,0,1.0168,-0.0117,0.0238,0.0048,-0.0171,-0.0238,-0.0119,0.0131,-0.0128,-0.0197,-0.0064,0.0108,0.0125,0.0094,0.0123
3,3,0.0724,0.0788,0.0064,0.8072,-0.1347,0.0904,0.0212,0.0502,0.0431,-0.0209,0.0679,0.0344,-0.0282,-0.0725,-0.0154
0,0,1.0915,0.0131,-0.0063,-0.0107,0.0252,-0.0261,-0.0168,0.0046,-0.0251,-0.0022,-0.0054,0.0003,-0.0048,-0.0232,-0.0138
0,0,1.0145,0.0016,-0.0061,0.0093,-0.0224,0.0395,-0.0236,-0.0002,0.0073,0.0443,-0.0038,0.0094,-0.0484,-0.0132,-0.0082
0,0,0.9375,0.0057,-0.029,0.0088,0.011,0.0513,0.0003,-0.0175,0.0274,-0.0385,-0.0225,0.0222,0.0215,0.0271,-0.0052
0,0,0.965,0.0029,0.0236,0.007,0.0074,0.0405,0.0314,-0.0404,-0.0037,-0.0124,0.0001,0.0053,-0.0019,-0.0104,-0.014
0,0,0.9753,0.0092,-0.0039,-0.0007,-0.0223,0.0466,-0.0084,-0.0146,0.0054,0.0149,0.0143,-0.0076,-0.0016,0.0043,-0.0111
4,4,0.0702,-0.0505,-0.009,-0.0265,1.0274,-0.05,0.1579,0.0134,-0.0475,-0.0598,0.034,0.0237,-0.07,-0.0284,0.0144
0,0,1.0084,-0.0324,0.0073,-0.0065,0.0116,0.0215,-0.0141,0.0184,0.0003,0.027,-0.0336,0.0668,-0.0523,-0.0137,-0.0085
0,0,1.0139,0.0052,0.0179,-0.014,-0.0113,0.0125,-0.0221,0.0332,0.0044,0.0261,-0.0227,-0.0097,-0.0282,-0.0064,0.0012
0,0,0.9575,-0.0315,-0.0166,0.0357,-0.0174,0.1373,0.0086,-0.0019,-0.022,-0.0199,-0.0164,0.0142,-0.0321,-0.0069,0.011
0,0,1.0306,-0.0199,-0.0187,-0.0058,-0.0246,0.0247,0.0307,-0.0133,0.0269,0.009,0.0062,-0.0231,-0.0065,-0.0206,0.0046
0,0,1.0015,0.0051,0.0086,-0.0002,-0.0024,0.0106,0.0112,-0.0185,0.0129,0.0164,-0.0272,-0.014,0.0046,-0.0133,0.005
0,0,0.7427,0.0009,-0.0072,0.014,0.0294,0.0353,0.0154,0.0145,0.0251,0.0281,0.1023,0.0119,0.0261,-0.0451,0.0064
0,0,1.0156,0.0128,0.0098,-0.0124,-0.0148,0.031,0.0271,-0.024,-0.0387,0.0125,-0.0142,-0.0089,-0.0001,-0.0021,0.0064
0,0,0.998,-0.0063,0.0053,0.0053,-0.0001,0.0404,-0.0322,-0.0202,-0.035,-0.0027,0.0113,-0.0002,0.0198,0.008,0.0092
2,2,0.0975,-0.0158,1.027,0.0129,0.0066,0.0173,-0.0111,-0.0374,0.0456,-0.0106,-0.0306,-0.0231,-0.0094,-0.0816,0.0132
0,0,1.0274,0.0139,0.0201,0.0059,-0.0246,-0.0194,0.0013,0.0278,-0.0244,-0.018,0.0013,-0.0172,0.0055,0.0001,-0.0004
0,0,1.0624,-0.0199,-0.0038,0.0048,-0.002,-0.0503,0.0083,0.0029,-0.0047,0.0051,-0.0053,0.003,-0.0057,0.0039,0.0012
1,1,-0.1687,1.1114,0.0502,0.0015,0.0151,0.0367,-0.0348,0.0177,-0.0319,0.0594,-0.0367,0.0095,-0.0095,-0.0161,-0.0039
0,0,0.9873,0.0216,-0.0067,-0.0116,-0.02,-0.0134,-0.0086,0.0016,0.0264,0.0054,0.0038,0.0175,-0.0223,0.008,0.0107
0,0,1.1011,-0.0353,-0.0296,0.055,0.0286,-0.0487,-0.0287,-0.0298,-0.0284,0.0042,0.0205,0.0105,-0.0193,0.0279,-0.0274
12,12,-0.3227,0.0653,-0.0834,0.2285,-0.0079,0.0793,0.069,0.0673,-0.0677,-0.0427,-0.0172,0.0389,0.8051,0.148,0.0416
0,0,1.0156,-0.0178,-0.015,-0.0061,0.0401,-0.0181,0.0017,-0.0157,0.0038,-0.0351,0.0146,-0.0172,0.0241,0.0082,0.017
0,0,0.9814,0.084,-0.0113,-0.0032,-0.0116,-0.0374,-0.0112,-0.0104,0.0431,-0.0218,0.009,0.001,-0.0256,0.0142,-0.0007
0,0,1.0812,0.0023,-0.0102,-0.0057,0.0039,-0.0437,0.0023,0.0247,0.0129,-0.0186,0.0018,-0.0166,-0.0115,-0.0153,-0.0074
0,0,0.9945,-0.0029,0.0338,-0.0075,0.0195,0.0087,-0.0164,-0.0036,0.0021,0.0109,-0.0035,-0.0072,0.0041,-0.0306,-0.0013
3,3,-0.0091,0.0038,0.0084,0.9959,-0.0482,-0.0458,0.0051,0.1121,-0.0077,-0.0167,0.0218,-0.0286,0.0054,0.0052,-0.001
0,0,0.7468,0.0041,-0.0093,-0.0508,0.054,0.0746,0.0047,0.0385,0.0101,0.0328,0.0578,-0.0167,0.0189,0.0118,0.0236
0,0,0.9407,0.0188,-0.0205,-0.0063,0.0669,-0.0282,-0.0035,-0.0053,-0.004,-0.0494,0.0215,-0.004,0.0438,0.0321,-0.0022
3,3,0.1493,0.0479,-0.033,1.003,-0.0453,0.0002,-0.0314,0.1585,-0.1271,-0.0305,0.0115,-0.0356,-0.0347,-0.017,-0.0134
0,0,0.9738,-0.0278,-0.0337,-0.019,-0.0086,-0.0115,0.0343,0.0055,0.0044,-0.0305,0.0203,0.043,0.0451,0.001,0.004
0,0,1.0682,0.022,-0.0199,-0.0093,0.0048,-0.0407,-0.0016,-0.0084,0.0076,-0.0184,-0.0145,0.0083,-0.0037,0.0084,-0.0031
0,0,1.0794,-0.054,0.0056,-0.0014,-0.0462,-0.0142,-0.0023,0.0252,0.0121,0.0163,0.0372,-0.0177,-0.0186,-0.0161,-0.0055
0,0,1.0774,-0.0024,-0.0125,0.0069,-0.0408,-0.0526,-0.0002,-0.0082,0.0013,0.0129,0.0265,-0.0081,0.0029,-0.0094,0.0063
0,0,1.0242,-0.0041,0.0014,0.0093,-0.0002,-0.0166,-0.0036,0.0005,0.0007,0.0094,-0.007,0.0086,0.0016,-0.0226,-0.0015
8,8,0.0092,-0.1165,0.1693,0.0278,0.0732,-0.0504,-0.1135,-0.0007,1.0299,0.0748,0.0266,-0.0792,-0.0002,-0.0307,-0.0191
0,0,0.9696,0.001,0.0157,-0.0032,0.0121,0.014,-0.0126,0.0061,-0.0226,0.0113,-0.007,0.0053,-0.0159,0.026,0.0002
10,10,0.0505,-0.0438,-0.0505,0.0318,0.0519,0.1477,-0.0387,-0.0391,-0.03,0.1476,0.8786,-0.0047,-0.001,-0.1211,0.0207
0,0,1.025,0.0058,0.0103,0.0027,-0.0139,-0.013,0.0169,0.0014,-0.011,0.0023,-0.0212,0.0124,-0.0194,0.0045,-0.0023
0,0,0.8538,0.0646,0.0037,-0.0347,0.0397,0.1563,-0.0237,-0.029,-0.0066,-0.0014,0.0034,-0.0068,-0.0246,0.0186,-0.013
10,10,-0.0943,-0.0388,0.0513,-0.0071,-0.0166,0.1416,0.0168,0.0797,0.0406,-0.0134,0.7432,0.0196,-0.0114,-0.0082,0.0981
0,0,1.0093,0.0,-0.0081,-0.0123,-0.0088,0.0152,-0.0113,-0.001,0.0191,0.0236,-0.0098,0.0028,-0.0122,-0.0091,0.0027
0,0,0.9652,0.0064,0.0011,0.0272,-0.025,0.072,0.0064,-0.0222,-0.009,0.0082,-0.0188,0.0006,0.0036,-0.0023,-0.0136
1,1,0.0347,0.7998,0.013,0.0224,0.0815,-0.0107,-0.0128,0.1592,-0.03,0.0243,-0.0278,-0.0366,-0.0022,-0.0106,-0.004
0,0,0.8408,0.0073,0.0155,0.0047,0.0329,0.1679,-0.036,-0.0006,0.0363,-0.0067,-0.047,-0.0027,0.0016,-0.0264,0.0121
0,0,0.8442,0.0036,0.0029,0.0067,-0.0191,0.1133,-0.0176,0.001,0.0549,-0.0131,0.0278,0.0094,-0.0083,-0.0134,0.0078
0,0,0.962,0.0751,-0.0005,-0.0476,-0.0225,0.017,-0.0198,0.006,-0.0202,0.0238,-0.0055,0.0093,-0.0164,0.0318,0.0079
2,2,-0.0688,0.0043,1.1583,0.0518,-0.0014,-0.0695,-0.0813,0.0179,-0.1038,0.0427,-0.0065,0.0156,-0.0071,0.0254,0.0224
0,0,0.9592,-0.018,0.0044,0.0044,0.0269,0.0206,0.0077,-0.0015,-0.0193,0.0055,-0.0056,-0.0007,0.0095,0.0042,0.0022
0,0,0.9284,-0.0091,0.0131,-0.0463,-0.0134,0.0112,0.0157,0.0508,0.0201,-0.0096,-0.0051,-0.0349,0.1124,-0.0293,-0.0039
0,0,0.9961,-0.0158,-0.0018,0.0109,-0.0027,-0.0026,0.0184,0.0113,-0.0071,-0.0003,-0.0082,-0.0033,0.0089,-0.003,-0.0009
0,0,0.9175,0.0094,0.013,-0.0003,-0.0293,0.0348,0.0882,-0.0308,-0.0184,-0.0189,0.0014,-0.0021,0.0227,-0.0138,0.0267
3,3,-0.127,0.0247,-0.022,0.8459,-0.0281,-0.0595,-0.0159,0.3578,0.0064,-0.043,0.0314,0.0336,-0.0211,-0.0099,0.0264
1,1,-0.1174,0.8938,-0.0196,0.0012,-0.0175,0.0428,0.023,-0.0293,0.0334,0.0931,-0.0491,0.0409,0.0803,0.022,0.0026
0,0,1.0037,-0.0212,0.0256,-0.0003,-0.0048,-0.0272,0.0023,0.0442,-0.0316,0.0362,0.002,-0.0243,0.0175,-0.019,-0.0036
0,0,1.053,0.0007,-0.0142,-0.0249,-0.0042,-0.0143,-0.0102,-0.0088,0.0049,0.0165,-0.02,0.0029,-0.0009,0.0108,0.0084
6,6,-0.0324,0.0591,0.1213,0.0429,0.0096,-0.0897,0.9719,-0.0239,-0.0276,-0.1154,0.0712,-0.0097,0.0027,0.0241,-0.0044
0,0,1.0445,0.0129,0.003,-0.0043,0.0126,-0.035,0.0197,-0.0132,0.0017,-0.0281,-0.0041,-0.0077,-0.0062,-0.0081,0.0125
0,0,1.0597,-0.0071,-0.0083,-0.0214,0.0209,-0.0854,0.027,-0.0094,0.0198,0.0006,-0.0009,-0.027,0.0444,-0.0163,0.0036
0,0,0.9707,-0.0114,-0.006,0.0228,0.0316,-0.0204,-0.0142,-0.0122,-0.0096,-0.0082,-0.001,-0.0173,0.072,-0.0165,0.0197
0,0,0.8106,-0.0229,0.0085,0.0316,0.0469,0.1226,-0.0242,-0.0357,0.0177,0.0029,-0.0033,-0.0203,0.0681,-0.0303,0.0276
0,0,0.9228,-0.0322,-0.0054,0.0183,0.1253,0.0388,0.0104,-0.0246,0.0043,-0.0146,-0.0292,0.0062,-0.0132,0.0031,-0.0098
0,0,0.8976,-0.0032,-0.0355,-0.0175,-0.0224,0.0599,0.0042,0.0323,0.0136,-0.0063,0.0237,0.0276,0.0309,-0.0179,0.0129
0,0,0.9692,-0.0017,-0.0118,0.0085,0.0228,0.0316,0.0101,-0.0228,0.0092,0.0069,0.007,-0.006,-0.0199,0.0044,-0.0078
0,0,1.0082,-0.0361,-0.0029,0.0085,0.0311,0.0205,0.0217,-0.0052,-0.014,-0.0212,-0.0052,0.0099,-0.0154,-0.0038,0.004
0,0,1.1041,-0.0162,-0.0002,-0.0264,-0.0438,-0.0297,-0.001,-0.0031,-0.0114,0.0133,-0.0201,-0.0013,0.0153,0.0352,-0.0148
0,0,0.9818,-0.0001,0.019,-0.0039,0.0042,-0.017,0.0054,0.0062,-0.0101,0.0135,0.0235,-0.001,-0.0153,-0.013,0.0067
0,0,0.9918,-0.0032,0.0057,0.0015,0.023,0.0509,-0.021,0.0039,-0.005,-0.0049,-0.0154,-0.0153,-0.0045,-0.0041,-0.0031
0,0,0.9865,-0.0281,-0.0242,0.0071,0.0077,0.0234,0.0157,-0.0166,0.0239,-0.0173,0.0119,-0.0051,0.0159,0.0058,-0.0071
4,4,0.0652,0.0402,0.0133,-0.0527,0.8347,-0.0878,0.0439,0.2463,-0.0551,-0.0536,0.029,-0.0204,0.0203,-0.0149,-0.01
0,0,0.9533,0.0063,-0.0349,0.0433,0.0111,0.0645,0.0095,-0.047,-0.0095,0.0137,-0.005,0.0101,-0.0335,0.0274,-0.009
10,10,-0.1668,0.0102,-0.0848,-0.0167,0.0022,0.3564,-0.0276,0.0051,0.0086,0.1218,0.8581,-0.0084,-0.0482,-0.0092,-0.0015
0,0,1.0219,-0.0092,-0.0074,0.0046,-0.0304,-0.0178,0.0097,0.0136,-0.0017,-0.0074,0.0001,-0.0025,0.0261,-0.0033,0.0036
0,0,0.9087,0.0425,-0.0416,0.0492,0.0096,-0.1197,-0.0082,0.0074,-0.0104,-0.0049,-0.0097,0.008,0.1177,0.034,0.018
5,5,0.0803,-0.0136,0.0209,0.0137,0.0021,0.931,-0.033,-0.0093,-0.0131,-0.0212,0.0206,-0.0376,0.0828,-0.0101,-0.0137
0,0,0.9806,-0.0061,-0.0046,0.0072,-0.0066,0.0171,0.0004,-0.0296,0.0043,0.0054,0.0124,0.0126,-0.0072,0.0163,-0.0018
9,9,-0.2142,-0.1403,0.0154,0.0591,-0.1141,0.0694,0.0478,0.0868,-0.0255,0.6985,0.1227,0.0075,0.1163,0.2729,-0.0042
10,10,0.0538,-0.0271,0.2096,0.0841,-0.1154,-0.1586,-0.0438,0.0208,0.0827,-0.0137,0.8708,0.001,0.0835,-0.0032,-0.043
0,0,0.883,-0.0003,0.0225,-0.0255,0.0805,0.0204,-0.0355,0.004,-0.0117,-0.0179,0.0286,0.0333,0.0139,0.0045,-0.0002
1,1,0.2767,0.6394,0.0132,-0.0724,-0.0925,0.0233,-0.0213,-0.056,0.0637,0.2044,-0.0178,0.0058,0.0207,-0.0014,0.0146
0,0,1.0784,-0.0401,0.0117,-0.0321,-0.0017,-0.0385,0.0529,0.0402,0.0308,-0.021,-0.0079,-0.0201,-0.0259,-0.0292,0.0025
0,0,0.9889,0.0275,-0.0265,0.0154,0.011,0.0574,0.009,-0.0446,-0.0041,-0.0256,-0.0308,0.0019,0.012,0.0222,-0.0137
0,0,0.9823,0.0163,0.0163,0.0198,0.0164,0.0032,-0.0157,-0.0191,-0.014,0.0226,-0.0127,-0.0085,-0.0183,0.0018,0.0096
7,7,0.0993,0.0079,-0.0567,-0.0291,0.012,-0.0542,0.0374,1.0061,0.0412,-0.0176,-0.0182,0.1209,-0.0215,-0.0962,-0.0317
3,0,0.5036,0.0024,-0.0007,0.4451,0.0731,-0.1069,0.0334,0.0636,0.0533,0.0297,0.0093,-0.0163,0.0708,-0.1334,-0.0267
0,0,0.9959,-0.0065,-0.0002,0.0033,0.0216,0.0115,-0.0013,0.0013,-0.0258,-0.0025,-0.0057,-0.003,-0.0037,-0.0115,0.0264
11,11,-0.0248,-0.0463,0.0299,0.2544,0.0067,-0.0617,0.0442,-0.0688,-0.0864,0.0518,-0.0005,0.4898,0.2983,0.14,-0.0247
0,0,1.0196,-0.0004,-0.0074,-0.0139,0.0197,-0.0389,-0.0016,0.0166,-0.0109,0.0019,0.0267,0.0111,-0.0124,-0.0082,-0.0017
0,0,1.0302,-0.0101,-0.0019,0.0103,-0.0264,0.0035,0.0154,0.0207,0.0057,-0.0121,-0.0275,-0.0007,-0.0025,-0.0152,0.0106
0,0,1.0413,-0.008,-0.0086,0.0015,0.0119,-0.0323,-0.0002,-0.0168,0.017,0.002,-0.0021,0.001,-0.0053,-0.0003,-0.0011
0,0,0.9367,0.0741,-0.0087,-0.0181,-0.0052,0.0057,-0.0045,0.0337,0.0146,0.0181,-0.0351,0.0083,0.0152,-0.0129,-0.022
0,0,1.0097,0.0339,-0.0137,0.0394,-0.0286,-0.0024,0.0,-0.0052,0.0157,-0.0234,0.0122,-0.0034,0.0019,-0.0162,-0.02
0,0,1.0167,0.0052,-0.0006,-0.0048,-0.0047,-0.0197,0.0088,0.007,-0.004,0.0167,-0.0034,-0.0154,0.0022,-0.0125,0.0083
1,1,-0.055,1.0893,-0.0404,-0.057,-0.009,0.0147,0.0307,-0.002,0.1128,-0.0368,-0.0449,0.0014,0.0117,-0.0499,0.0334
0,0,1.0119,0.0107,0.0194,-0.0125,0.0082,-0.035,0.0153,0.0022,0.0009,-0.0133,-0.0005,-0.0005,-0.0105,0.0054,-0.0015
0,0,0.944,-0.0131,0.0073,0.0219,0.0118,0.0509,-0.016,0.0266,-0.0324,-0.0168,0.0256,-0.0083,-0.0046,-0.0013,0.0042
0,0,1.0119,-0.0148,-0.0281,0.021,-0.0258,-0.009,0.0325,-0.0379,0.0487,-0.0099,0.0297,-0.0028,-0.0167,-0.0137,0.0147
0,0,1.0261,-0.0089,-0.0008,-0.0021,0.0106,-0.0124,-0.0067,0.0034,0.0026,0.0016,-0.0067,0.0096,-0.0162,-0.0059,0.0058
0,0,0.9935,0.012,-0.0003,0.0202,-0.0014,-0.0178,-0.0185,0.0033,-0.0016,0.0227,0.0156,-0.0114,-0.0045,-0.012,0.0005
0,0,0.9099,0.0489,-0.0551,0.0602,0.1071,-0.0465,0.0168,-0.0423,0.0454,0.0077,-0.0125,0.0091,-0.0321,0.0062,-0.0224
13,13,-0.051,-0.0106,0.004,0.0103,-0.1031,-0.0136,0.0337,0.0482,0.2688,0.2653,0.0625,-0.0911,0.0366,0.558,-0.0181
0,0,1.0131,0.0009,0.0013,-0.0084,-0.0204,-0.0036,-0.0222,0.0064,-0.0121,0.0385,0.0003,0.0013,-0.0172,0.0189,0.0029
0,0,0.9253,-0.013,0.0169,-0.016,0.0993,-0.0156,0.0068,-0.0151,-0.0156,0.0259,-0.0153,-0.0333,0.0099,0.0018,0.0381
0,0,0.9722,-0.0067,-0.016,-0.0109,-0.0039,0.0422,0.0059,-0.0162,0.0425,-0.0041,-0.031,0.0288,-0.0238,0.0201,0.0006
2,2,-0.0477,0.0079,1.0499,0.0815,0.0353,-0.0051,-0.1055,0.0132,-0.0727,0.0107,0.0236,0.0017,-0.0094,-0.011,0.0273
3,3,0.0631,-0.0456,0.0427,0.9863,0.002,-0.1089,-0.0409,-0.0431,0.0783,0.0371,-0.0073,0.0001,0.126,-0.0491,-0.0405
0,0,0.8662,-0.0238,-0.0098,0.0154,-0.0353,0.1405,0.0111,0.0004,0.0123,0.014,0.0058,0.007,0.0098,-0.0065,-0.007
1,1,0.1155,0.6831,-0.1001,0.0458,0.1549,-0.0187,0.057,-0.0529,0.0454,-0.0252,0.0152,0.1098,-0.0664,0.0628,-0.0254
0,0,1.074,0.0239,0.0182,-0.0342,-0.0174,-0.0132,-0.0209,0.0131,0.0167,-0.0126,-0.0251,-0.0028,-0.018,-0.0039,0.002
0,0,0.969,0.0128,0.0036,-0.0175,0.0108,-0.0003,0.0045,-0.0058,-0.0172,-0.0067,0.018,-0.0007,0.0067,0.0191,0.0033
0,0,1.0497,0.0279,0.0025,-0.0238,-0.0209,-0.0772,-0.014,0.0036,0.0076,0.008,0.0516,-0.0046,-0.0058,-0.0111,0.0059
0,0,0.9965,0.045,-0.0064,0.0413,0.0032,-0.0183,-0.0085,-0.0288,0.0071,0.0053,-0.0337,-0.0059,-0.0186,0.0156,0.0058
0,0,0.9536,0.0064,-0.012,0.0384,0.0118,0.0414,0.0127,-0.0324,-0.0121,0.0014,-0.012,-0.0032,0.0121,0.0084,-0.0144
0,0,1.0451,-0.0565,-0.0252,-0.023,0.0181,-0.0522,0.0009,0.0823,-0.0159,-0.031,0.0047,-0.0258,0.0296,0.0485,0.0001
0,0,0.9925,-0.0241,0.0058,0.0306,0.0055,-0.053,-0.0032,-0.0042,-0.0101,0.0162,-0.0069,-0.0085,0.0179,0.0064,0.0352
0,0,1.0629,-0.0051,-0.002,-0.0208,0.0022,-0.025,-0.012,0.0043,0.0129,0.0247,0.0025,-0.0189,-0.0017,-0.0246,0.0007
0,0,0.9677,-0.0132,0.01,0.0219,0.053,0.0432,-0.0035,-0.031,-0.0147,-0.0098,-0.0087,0.004,-0.0172,-0.003,0.0016
0,0,0.9614,-0.0158,-0.0394,0.0413,0.0172,0.022,-0.004,-0.0286,0.0249,-0.0091,-0.0062,0.0006,0.008,0.0217,0.0058
0,0,1.0243,-0.0085,-0.0074,0.0167,-0.0064,-0.0147,0.0005,-0.005,-0.0035,-0.0073,0.0062,0.0002,0.0002,0.0083,-0.0036
0,0,0.9229,0.0021,-0.0081,-0.033,-0.0004,0.0958,-0.0415,0.028,0.0688,-0.0274,0.0105,0.0059,-0.0116,-0.0193,0.0076
0,0,1.0392,-0.0303,0.0112,-0.0115,-0.0052,-0.0244,-0.0008,0.0042,0.0051,0.0174,-0.0095,-0.0025,0.0095,-0.0108,0.0088
5,5,0.3547,-0.0467,-0.0187,0.0078,-0.0046,0.6908,-0.0166,-0.0033,0.0092,0.007,0.0269,-0.0161,0.014,-0.005,0.001
0,0,1.0343,0.017,-0.0279,0.0112,0.0078,-0.0458,0.0126,-0.0186,0.006,0.0136,-0.0102,0.0182,-0.0344,0.0283,-0.0122
0,0,0.7946,-0.0109,0.0092,0.0065,0.0381,0.1488,-0.0291,0.0164,0.039,-0.0096,-0.028,0.0357,-0.0017,0.0043,-0.0134
0,0,0.9025,-0.0386,-0.0021,0.0216,0.051,-0.0052,-0.0052,-0.0052,0.0249,-0.0001,0.0814,-0.0257,0.0273,-0.0245,-0.002
0,0,0.9307,-0.0311,-0.019,-0.0035,0.056,0.0965,0.026,0.0157,-0.023,0.0159,-0.0277,-0.0123,-0.0124,0.0078,-0.019
0,0,1.0627,0.0065,-0.0364,0.0274,0.0001,-0.0613,0.0275,-0.0119,-0.0027,-0.0263,-0.0017,0.0173,-0.006,-0.0045,0.0092
0,0,0.9041,0.115,-0.0254,-0.0075,-0.0524,-0.0365,0.0495,0.0256,0.015,0.012,0.0069,0.0229,-0.0312,0.0046,-0.0035
0,0,0.9525,-0.0057,0.0243,-0.0121,-0.0042,0.0254,0.0112,-0.0238,0.0143,0.0218,-0.0208,0.0075,0.0074,0.0023,-0.0004
6,6,-0.1291,-0.0366,0.0252,-0.0439,0.0793,0.0651,1.1085,0.0012,-0.1444,0.0466,-0.0527,0.0304,0.0074,0.0378,0.0058
1,1,-0.0549,1.0816,-0.0252,0.0133,0.0132,-0.0163,-0.0412,-0.0161,0.0381,0.0065,-0.0134,0.024,-0.013,-0.0098,0.013
6,6,-0.1278,0.083,-0.0583,0.048,0.108,0.0519,0.9723,-0.0435,-0.1034,0.0679,-0.0727,0.0175,0.0317,0.0381,-0.0125
1,1,-0.0683,0.9658,-0.001,-0.0154,-0.0387,-0.0204,0.0512,0.0484,-0.0417,0.0713,0.0545,0.0024,-0.0119,-0.0003,0.0046
9,0,0.2076,0.1918,0.0058,0.0041,-0.1482,0.0761,0.106,0.1989,0.1558,0.1903,0.036,0.0501,-0.0787,-0.0203,0.0229
0,0,0.9697,0.0608,-0.0255,0.0115,-0.0393,0.0699,-0.0049,-0.0407,0.0102,-0.034,0.0167,0.0176,-0.0187,0.0018,0.005
12,12,-0.269,0.1849,0.0319,0.163,-0.0026,0.433,-0.0802,-0.0488,-0.1092,-0.0084,0.0115,0.0389,0.6197,-0.0151,0.05
0,0,1.0089,0.0219,0.0034,-0.0147,0.035,-0.0098,-0.0453,0.025,-0.0076,-0.0052,-0.0223,0.0001,-0.0237,0.0258,0.0089
5,5,0.4635,0.0007,-0.0171,0.0012,-0.0886,0.5121,0.055,-0.0557,-0.002,0.0278,0.0139,0.0249,0.0133,-0.01,0.0606
0,0,1.0816,-0.0315,-0.0154,-0.0223,-0.0566,-0.0222,-0.0268,-0.0019,-0.0146,0.039,-0.0045,0.008,0.0237,0.0099,0.0333
0,0,1.0814,-0.0138,-0.0085,0.0368,-0.0175,-0.0565,-0.0137,0.0073,-0.0237,0.0192,0.0117,-0.0149,-0.0041,0.0084,-0.0119
0,0,1.0093,0.0225,-0.002,-0.0132,-0.0143,-0.0038,-0.0015,-0.0047,-0.0054,0.0042,0.0133,0.001,-0.0141,0.0084,0.0004
0,0,1.003,-0.0029,0.0093,-0.0057,-0.0093,-0.0205,-0.0007,-0.0086,0.0072,0.0186,-0.0104,0.0047,0.0081,-0.0024,0.0094
0,0,1.0087,-0.0288,-0.0015,0.0286,-0.0188,0.0113,0.0007,0.0038,0.0005,0.0119,-0.0311,-0.0135,0.0154,0.0001,0.0123
0,0,1.0109,0.0216,0.0251,-0.0184,-0.0005,-0.0047,-0.0101,0.0002,-0.0057,0.0016,0.0089,-0.0125,0.0197,-0.0194,-0.0173
0,0,0.9789,0.0087,-0.0259,-0.0303,0.0252,-0.0035,-0.0025,-0.0169,0.0066,0.0146,-0.0001,-0.0073,0.017,0.0117,0.0235
0,0,0.9477,-0.0033,0.0074,0.0327,0.003,0.1054,-0.0504,0.0069,0.0392,-0.0046,-0.0104,0.0109,-0.0432,-0.0322,-0.0084
1,1,-0.0903,0.9839,-0.0095,-0.0328,0.0909,0.0332,0.0273,0.0185,-0.029,0.0212,-0.0237,-0.0094,-0.0063,0.0252,0.0007
0,0,1.0441,0.0263,-0.0083,-0.0158,-0.0082,-0.0356,0.0024,-0.0019,-0.0128,-0.0088,-0.0004,-0.0086,0.0122,0.0169,-0.0015
1,1,0.3232,0.5116,-0.0315,0.0316,-0.0708,-0.1163,0.0268,0.0037,0.0683,0.0135,0.0467,0.0215,0.0092,0.1773,-0.0138
0,0,0.9777,0.011,0.0209,-0.0109,0.0208,-0.0176,0.0003,-0.008,0.0117,-0.0061,0.0091,0.0084,-0.0013,-0.017,0.0011
0,0,0.7901,-0.0608,-0.0355,0.053,0.1107,0.0256,0.1209,0.0537,-0.0244,0.0432,0.0347,-0.0099,-0.0795,-0.0093,-0.0117
7,7,0.0191,0.026,-0.0068,-0.0471,-0.0664,0.0556,0.011,0.9357,0.0159,0.0774,0.0326,0.0183,-0.0068,-0.0454,-0.0191
3,3,0.2671,0.0347,-0.0211,0.8632,0.0325,-0.0161,-0.001,-0.0856,-0.0663,-0.0115,-0.0119,-0.0127,0.0857,-0.0291,-0.0278
0,0,1.0034,0.0397,-0.0076,0.0198,0.0028,-0.0101,-0.006,-0.0376,0.0083,-0.0139,0.0037,-0.0219,0.0005,0.0192,-0.0003
2,2,0.0641,0.0129,1.1715,-0.0983,0.054,-0.0184,-0.0029,-0.0024,-0.0048,-0.0287,-0.0737,-0.0461,-0.0146,-0.0088,-0.0031
4,4,-0.2873,0.0072,0.0897,0.0057,1.0895,0.0702,-0.027,-0.1322,0.1374,0.095,-0.0051,-0.0751,0.0744,-0.019,-0.023
0,0,0.9487,-0.006,0.0033,-0.0149,0.0574,0.0279,0.0016,0.012,-0.0222,-0.004,0.0188,-0.0025,-0.0094,-0.0049,-0.0058
0,0,0.9554,0.0178,0.0008,-0.0098,0.0189,0.0472,0.032,-0.0167,0.0008,-0.0031,-0.032,-0.0081,0.0043,-0.0037,-0.0033
0,0,0.9052,0.0553,-0.0022,0.0034,-0.0402,0.0738,-0.0149,-0.0065,0.0276,0.003,-0.0183,-0.0082,-0.0082,0.0195,0.0105
0,0,0.9527,-0.0244,0.0296,-0.028,0.0341,0.0109,-0.0118,-0.0119,0.017,-0.0094,-0.0116,-0.0241,0.0169,0.0428,0.0177
0,0,1.0405,-0.015,0.0053,0.0004,-0.0278,-0.0424,-0.0007,0.0144,-0.0066,0.0032,0.0147,-0.0112,0.0229,0.0008,0.0018
0,0,0.9659,-0.0088,0.0265,-0.01,0.0399,-0.0056,0.0018,0.0006,-0.0296,-0.0115,0.0116,0.0081,0.0145,0.0043,-0.0076
0,0,0.9598,-0.0115,0.0168,0.0083,-0.0004,0.0366,0.0163,0.0149,-0.0367,0.0091,-0.0063,-0.0047,-0.0063,0.0121,-0.0082
0,0,1.0582,0.0163,-0.0081,-0.0137,-0.0398,-0.001,-0.0021,0.0111,0.0075,0.0048,0.0007,0.0037,-0.0124,-0.0157,-0.0095
0,0,0.9903,-0.0329,0.0162,-0.0003,0.0511,-0.0034,-0.0006,-0.0039,-0.0118,-0.0064,0.002,-0.0045,0.0233,-0.0117,-0.0072
0,0,0.9453,0.0717,-0.0044,0.0297,-0.0534,-0.0682,0.0146,-0.0459,0.017,0.035,0.0118,0.0204,0.0383,-0.0343,0.0226
0,0,1.0124,0.0249,-0.0287,0.0086,-0.0608,-0.0141,0.0274,-0.0133,0.0178,0.0098,0.0065,-0.0093,0.0109,0.0103,-0.0029
0,0,1.009,-0.0195,-0.0076,0.0009,-0.0047,-0.0234,-0.0304,0.0277,0.008,-0.0031,0.0008,-0.006,0.0141,0.0221,0.0119
0,0,0.8985,-0.0155,0.0231,0.0436,0.0084,0.0173,-0.033,0.0074,0.0296,0.0305,-0.0214,-0.0091,0.0458,-0.0156,-0.0093
0,0,1.0339,-0.0031,-0.024,0.0078,0.0085,0.0076,0.0073,-0.0081,-0.0152,0.0047,-0.0053,0.0105,-0.0177,-0.0105,0.0036
0,0,1.0094,0.0207,0.0064,-0.0195,-0.0111,-0.0114,-0.02,0.0177,0.0199,0.0118,-0.0005,-0.0087,-0.007,-0.002,-0.0061
0,0,1.0559,0.0367,0.0409,-0.0049,-0.0272,-0.012,0.0245,0.0102,0.007,-0.0418,-0.0142,-0.0181,-0.0052,-0.0325,-0.0195
4,4,0.0442,-0.0206,-0.0006,0.0202,0.8943,-0.0277,-0.0863,0.1326,-0.0052,0.025,-0.0089,-0.0247,0.0158,0.0227,0.0191
0,0,0.9781,-0.0053,0.0003,0.0244,-0.0022,-0.0034,-0.0233,-0.0163,0.0002,0.0459,-0.0275,0.0101,0.0122,-0.0032,0.0098
0,0,1.0814,-0.0423,0.0485,-0.0284,-0.0058,-0.035,-0.027,0.0143,-0.0097,-0.0045,0.0085,0.0137,0.0001,-0.0074,-0.0068
0,0,0.9956,-0.0021,0.0003,-0.0052,0.016,0.026,-0.0273,0.0032,-0.0023,-0.0016,-0.0094,0.001,0.0128,0.0107,-0.0178
2,2,-0.0742,0.0342,0.8324,-0.0243,-0.0791,0.0271,0.0357,0.0109,0.105,0.0416,-0.0482,0.0086,-0.018,0.0231,0.1258
0,0,0.9835,-0.0149,-0.001,-0.0179,0.039,-0.0245,0.0054,-0.0117,0.0196,0.001,0.0084,0.0002,0.0122,0.0027,-0.0022
1,1,0.0014,0.9323,-0.0045,-0.0068,-0.0007,0.0262,0.0484,0.0163,0.0169,-0.0531,-0.0494,0.0511,-0.0017,0.0204,0.0031
12,12,0.2305,0.0259,0.0305,-0.135,-0.1134,0.1262,-0.0243,0.1133,0.0108,-0.0316,0.0373,-0.0276,0.7721,-0.0157,0.0017
0,0,1.0174,0.0185,-0.0048,-0.0196,-0.0367,0.0241,-0.003,-0.0228,0.018,0.0019,0.012,-0.0032,0.026,-0.0147,-0.0133
0,0,1.0305,0.0285,0.0097,-0.0229,-0.0226,-0.0051,0.029,0.0108,0.025,-0.0071,-0.03,-0.0006,-0.0068,-0.0419,0.0034
4,4,0.1763,-0.0535,-0.0579,-0.0053,0.6046,-0.0199,0.1415,0.1907,-0.0215,0.0138,-0.0835,0.0519,0.0238,-0.0014,0.0402
0,0,1.0294,-0.0006,0.0134,-0.0537,0.0013,-0.0529,-0.012,-0.0016,0.0262,0.0127,0.0257,0.0154,-0.0091,0.0149,-0.0091
0,0,1.0489,-0.0367,0.0145,0.0053,0.0068,-0.0192,0.0103,-0.0235,-0.0051,0.0128,-0.0136,0.0015,0.0063,-0.0051,-0.0031
0,0,1.0611,-0.0221,-0.0085,0.0025,-0.0172,-0.0316,0.0004,0.013,0.0014,-0.002,0.002,-0.0036,0.0154,-0.0023,-0.0084
0,0,0.997,0.0108,-0.0052,0.0286,-0.0008,-0.0155,-0.0149,0.0046,-0.0111,0.0337,0.0359,-0.0229,-0.0304,-0.0072,-0.0027
0,0,0.9194,0.007,0.0343,-0.0278,0.1603,-0.0306,-0.0276,0.0051,-0.0367,0.0467,-0.0228,-0.0147,-0.0121,0.0033,-0.0035
0,0,0.9357,0.0373,0.0154,-0.0169,0.0058,0.0072,-0.0241,0.0148,0.0206,-0.0376,0.0223,0.0308,-0.0062,-0.0039,-0.0014
1,1,0.0609,0.7855,0.053,0.0225,-0.0545,0.0593,0.1063,0.0271,-0.0674,0.0885,-0.0109,0.0463,-0.1028,0.0004,-0.0145
5,5,0.2832,0.0589,0.0038,0.0006,-0.0143,0.6547,0.0524,-0.0306,0.0293,-0.0068,-0.0115,0.0238,0.0005,-0.0381,-0.0059
0,0,0.9676,0.007,-0.0037,-0.0443,0.0333,-0.0204,-0.0211,0.0755,0.0019,-0.0097,-0.0078,0.0097,-0.0237,0.029,0.0075
2,2,0.045,-0.0604,1.0709,-0.0251,0.0112,0.04,-0.0797,-0.0276,-0.0441,0.1137,-0.0293,0.0244,0.0164,-0.0136,-0.0422
0,0,1.0289,-0.0203,0.0027,-0.0174,-0.0149,-0.0159,0.008,-0.0121,0.0344,-0.0141,-0.0207,0.0364,-0.0015,-0.0011,0.0073
0,0,1.0052,0.0014,-0.0029,-0.0019,-0.0288,0.0158,0.0052,0.0063,0.008,-0.0122,-0.0119,0.0064,0.015,-0.0164,0.0106
0,0,1.004,-0.0068,0.0067,-0.0017,-0.0164,0.0008,0.0143,0.0214,0.005,-0.0015,-0.0084,-0.0004,0.0028,-0.0258,0.0059
0,0,0.8972,-0.014,0.005,-0.024,-0.0246,0.0391,0.0519,0.0,0.0189,0.0018,0.0581,-0.0011,0.0072,-0.0058,-0.0097
0,0,0.9499,-0.0038,0.0012,-0.0075,-0.0231,0.0963,0.0123,0.0201,0.0069,-0.0079,0.0004,0.0028,-0.0208,-0.0155,-0.0111
0,0,0.9916,0.0212,-0.0042,0.0092,0.0024,-0.0418,0.0077,0.0154,0.0131,-0.0328,0.0172,-0.0095,0.0258,-0.0122,-0.0033
0,0,1.0561,-0.0257,0.0048,0.0112,-0.0383,0.0077,0.017,-0.0062,0.0184,0.0038,-0.0427,-0.0046,-0.0054,-0.0106,0.0146
0,0,1.0193,-0.0115,-0.0101,0.0052,-0.0174,-0.0096,0.0082,0.0127,-0.0055,0.0102,-0.0117,0.0114,-0.0028,-0.0012,0.0025
0,0,0.9756,-0.0099,-0.0104,-0.0016,-0.0082,-0.0179,-0.001,0.0022,-0.0033,-0.0245,0.0016,-0.0201,0.018,0.0967,0.0032
2,2,0.0354,-0.0193,1.0504,-0.066,-0.0581,0.1132,0.0409,-0.0852,0.033,0.0017,0.0092,-0.0031,0.0059,-0.0515,-0.0068
1,1,-0.0826,1.0858,0.0313,-0.0155,-0.0665,0.0058,0.0705,-0.0279,0.0354,-0.0127,-0.0234,0.0056,0.0357,-0.0378,-0.0037
0,0,0.7646,-0.0179,-0.0315,-0.0319,0.1175,0.0396,0.0207,0.1485,-0.007,-0.0172,-0.0277,0.0163,0.051,-0.0168,-0.0082
0,0,1.0571,-0.0129,-0.0181,0.0294,-0.0072,-0.015,0.0169,-0.0019,-0.032,-0.0098,0.0344,-0.0015,-0.0257,-0.0103,-0.0039
6,6,0.0863,0.1134,-0.0189,-0.0422,-0.0497,0.1439,0.6045,0.1037,-0.0724,0.028,-0.0224,0.0711,-0.0228,0.017,0.0602
1,1,-0.0247,1.0254,-0.0042,0.0101,0.1031,-0.0013,-0.0718,-0.0296,0.0046,-0.0334,-0.0281,0.0145,0.022,-0.0067,0.0193
3,3,0.0605,-0.0023,-0.066,1.081,-0.0114,-0.1796,-0.0036,0.1668,-0.1085,-0.0133,-0.0012,-0.04,0.0004,0.0632,0.0545
0,0,1.0473,0.0052,-0.0225,-0.0172,-0.0162,-0.0806,0.0082,0.0499,-0.0184,0.032,0.0033,0.0244,0.0045,-0.0322,0.0123
0,0,0.9905,0.0184,0.026,0.0033,0.019,0.0062,0.0134,-0.0248,-0.0121,0.0005,-0.0173,-0.0052,-0.0133,-0.0008,-0.004
0,0,0.8451,0.0548,-0.0388,0.0337,0.0115,0.0154,0.039,0.0156,-0.0078,0.0218,0.026,-0.0473,-0.0179,0.0352,0.0141
0,0,0.9983,0.0091,-0.0066,0.004,0.0018,-0.0211,-0.0263,0.0254,0.0014,0.0019,0.0084,-0.0036,0.0026,0.0076,-0.0034
0,0,1.0293,-0.0109,-0.0081,0.0063,0.0181,0.0122,0.0169,-0.03,0.0112,0.0042,-0.0444,0.0121,0.0017,-0.0133,-0.0049
2,2,-0.0835,0.133,0.7631,0.0334,0.0221,0.0302,-0.0548,0.1582,-0.0877,-0.0404,-0.0404,0.0258,0.0004,0.0293,0.1094
0,0,1.0258,0.0221,0.0104,-0.0048,-0.0041,-0.0013,0.004,-0.0274,0.0277,-0.0217,-0.0147,-0.0084,-0.0051,-0.0052,0.0032
0,0,0.9923,0.0052,-0.0022,-0.0039,-0.0136,-0.004,-0.0041,-0.0191,0.0171,0.0039,0.0134,-0.0021,0.0197,-0.0055,0.0029
0,0,1.0748,0.0017,0.0027,-0.0255,-0.0153,-0.0173,0.0228,-0.0188,-0.0081,0.011,-0.0064,-0.0169,0.031,-0.0341,-0.0014
4,4,0.2318,0.0312,-0.0252,-0.0228,0.744,-0.0062,-0.0233,0.0497,-0.0607,-0.003,-0.0031,0.0269,0.0505,-0.0083,0.0188
0,0,0.9465,0.0113,-0.037,0.012,-0.0554,-0.0023,-0.0431,0.0349,0.0674,0.0131,0.0512,-0.0001,-0.0395,0.0292,0.0115
0,0,0.9361,0.0179,-0.0007,-0.0112,0.0415,0.0074,-0.0451,0.0317,0.0269,-0.005,-0.0052,0.0221,0.0077,-0.027,0.0037
5,5,-0.0309,0.0046,0.0631,-0.0019,-0.0382,0.8705,-0.0062,0.0975,-0.1125,-0.0412,0.0627,-0.0018,-0.0635,0.1939,0.0052
0,0,0.9908,-0.0004,-0.0243,0.0001,0.0327,-0.0391,0.0094,0.0056,0.0065,-0.0086,-0.0029,0.0208,0.0035,-0.0003,0.0063
0,0,1.0475,-0.0076,0.0066,-0.0056,-0.0178,-0.0544,0.0309,0.0269,-0.0036,-0.0085,0.0111,0.0076,-0.0202,-0.0166,0.0036
2,2,0.0356,0.0321,0.9966,0.0081,-0.025,0.1036,0.0288,-0.0042,-0.0882,-0.0589,-0.0416,0.0179,-0.0101,0.0228,-0.0178
0,0,1.0244,-0.0194,0.0258,0.0302,-0.0217,0.0442,0.0222,-0.0216,-0.0385,-0.007,-0.0375,-0.0005,0.0104,-0.0082,-0.0027
0,0,1.0138,0.0024,-0.007,-0.007,-0.0006,-0.0208,0.0083,-0.0204,0.0187,-0.0196,0.0232,0.0024,-0.0008,0.0042,0.0031
0,0,0.8549,0.0314,-0.0168,0.0184,-0.0099,0.1274,0.0078,-0.0197,0.0003,0.0024,0.0355,-0.0058,-0.0227,0.0018,-0.0046
0,0,0.9333,-0.0239,0.0308,0.0218,0.0112,0.0634,-0.02,0.0115,-0.0275,0.0094,-0.04,0.0046,-0.0042,0.0292,-0.0002
0,0,1.0103,0.0205,0.0067,-0.0025,0.0211,0.0408,-0.0398,-0.0037,0.0023,-0.0176,0.0016,-0.0268,-0.0005,-0.0217,0.0096
0,0,0.9894,-0.0066,-0.0101,-0.0057,0.0222,0.0559,0.0073,-0.0144,-0.0125,0.0013,0.0011,0.0006,-0.0013,-0.0158,-0.0112
0,0,0.9997,-0.0024,-0.0026,0.0042,0.0082,-0.0254,0.0241,0.0054,-0.0081,-0.0204,0.0109,0.008,0.004,-0.0015,-0.004
0,0,1.0397,0.0179,0.0072,-0.0187,-0.007,-0.0064,-0.0153,-0.001,0.0257,-0.0052,-0.0141,-0.0098,0.0036,-0.0037,-0.0128
0,0,1.0582,-0.0073,-0.0129,-0.0089,0.0233,-0.0846,0.0089,0.0007,0.0085,0.0012,0.0018,0.0057,0.0036,-0.0003,0.0023
0,0,1.0274,0.0159,-0.0058,-0.0164,0.0082,-0.0116,-0.0027,0.0084,-0.0092,-0.0119,0.0113,-0.0086,-0.0034,-0.0043,0.0024
0,0,0.9989,-0.0047,0.0167,0.0121,0.0137,-0.0043,-0.0004,0.0182,-0.0226,-0.0148,0.028,-0.0105,-0.0178,-0.0129,0.0004
0,0,1.0375,0.0053,0.0122,-0.0104,-0.0067,-0.0254,-0.003,0.005,-0.0061,0.0046,-0.009,-0.0096,0.0045,0.0031,-0.0022
0,0,1.0473,0.0052,-0.0225,-0.0172,-0.0162,-0.0806,0.0082,0.0499,-0.0184,0.032,0.0033,0.0244,0.0045,-0.0322,0.0123
2,2,-0.0809,0.0111,0.9402,0.0199,-0.0377,0.0569,0.0382,-0.0068,-0.003,-0.0702,0.0234,-0.0226,-0.0099,0.1614,-0.0198
